time_days,altitude_km,orbital_speed_m_s,density_kg_m3
0.0,280.0,7737.355017805188,3.888063076807171e-11
0.041666666666666664,279.96010292297507,7737.378199908264,3.888063076807171e-11
0.08333333333333333,279.9202059654873,7737.401382150254,3.888063076807171e-11
0.125,279.88030912753754,7737.424564531158,3.888063076807171e-11
0.16666666666666666,279.840412409123,7737.447747050977,3.888063076807171e-11
0.20833333333333334,279.80051581024566,7737.470929709715,3.888063076807171e-11
0.25,279.76061933090443,7737.494112507371,3.888063076807171e-11
0.2916666666666667,279.7207229711004,7737.517295443946,3.888063076807171e-11
0.3333333333333333,279.68082673083245,7737.540478519443,3.888063076807171e-11
0.375,279.6409306101007,7737.563661733861,3.888063076807171e-11
0.4166666666666667,279.601034608908,7737.586845087203,3.888063076807171e-11
0.4583333333333333,279.56113872724865,7737.61002857947,3.888063076807171e-11
0.5,279.5212429651273,7737.633212210662,3.888063076807171e-11
0.5416666666666666,279.48092548655535,7737.656641115147,3.976156874777928e-11
0.5833333333333334,279.4401260332679,7737.680350316787,3.976156874777928e-11
0.625,279.3993267049966,7737.704059663722,3.976156874777928e-11
0.6666666666666666,279.35852750173956,7737.727769155956,3.976156874777928e-11
0.7083333333333334,279.3177284234976,7737.751478793489,3.976156874777928e-11
0.75,279.2769294702709,7737.775188576322,3.976156874777928e-11
0.7916666666666666,279.2361306420565,7737.7988985044585,3.976156874777928e-11
0.8333333333333334,279.19533193885815,7737.822608577897,3.976156874777928e-11
0.875,279.154533360675,7737.846318796641,3.976156874777928e-11
0.9166666666666666,279.11373490750606,7737.870029160691,3.976156874777928e-11
0.9583333333333334,279.07293657935224,7737.8937396700485,3.976156874777928e-11
1.0,279.0321383762136,7737.917450324714,3.976156874777928e-11
1.0416666666666667,278.9913402980883,7737.941161124691,3.976156874777928e-11
1.0833333333333333,278.9505423449781,7737.964872069978,3.976156874777928e-11
1.125,278.90974451688214,7737.988583160579,3.976156874777928e-11
1.1666666666666667,278.8689468138022,7738.0122943964925,3.976156874777928e-11
1.2083333333333333,278.8281492357366,7738.036005777722,3.976156874777928e-11
1.25,278.7873517826861,7738.059717304268,3.976156874777928e-11
1.2916666666666667,278.7465544546498,7738.083428976132,3.976156874777928e-11
1.3333333333333333,278.70575725162684,7738.107140793317,3.976156874777928e-11
1.375,278.66496017361993,7738.130852755821,3.976156874777928e-11
1.4166666666666667,278.6241632206282,7738.1545648636475,3.976156874777928e-11
1.4583333333333333,278.58336639265065,7738.178277116798,3.976156874777928e-11
1.5,278.54256968968923,7738.201989515272,3.976156874777928e-11
1.5416666666666667,278.50177311174104,7738.225702059073,3.976156874777928e-11
1.5833333333333333,278.46009589100163,7738.249926691514,4.066517578587395e-11
1.625,278.4183724446772,7738.274178420183,4.066517578587395e-11
1.6666666666666667,278.3766491291104,7738.298430300865,4.066517578587395e-11
1.7083333333333333,278.3349259443106,7738.322682333556,4.066517578587395e-11
1.75,278.29320289028715,7738.346934518251,4.066517578587395e-11
1.7916666666666667,278.2514799670214,7738.371186854964,4.066517578587395e-11
1.8333333333333333,278.2097571745133,7738.395439343696,4.066517578587395e-11
1.875,278.1680345127629,7738.419691984447,4.066517578587395e-11
1.9166666666666667,278.1263119817702,7738.443944777219,4.066517578587395e-11
1.9583333333333333,278.08458958153517,7738.468197722014,4.066517578587395e-11
2.0,278.04286731205787,7738.492450818834,4.066517578587395e-11
2.0416666666666665,278.00114517335874,7738.516704067668,4.066517578587395e-11
2.0833333333333335,277.9594231654247,7738.540957468524,4.066517578587395e-11
2.125,277.9177012882484,7738.565211021409,4.066517578587395e-11
2.1666666666666665,277.8759795418298,7738.589464726323,4.066517578587395e-11
2.2083333333333335,277.83425792616885,7738.613718583269,4.066517578587395e-11
2.25,277.7925364412656,7738.637972592247,4.066517578587395e-11
2.2916666666666665,277.75081508712003,7738.66222675326,4.066517578587395e-11
2.3333333333333335,277.70909386373495,7738.686481066307,4.066517578587395e-11
2.375,277.66737277113276,7738.7107355313765,4.066517578587395e-11
2.4166666666666665,277.6256518092882,7738.734990148485,4.066517578587395e-11
2.4583333333333335,277.58393097820135,7738.759244917632,4.066517578587395e-11
2.5,277.5422102778722,7738.783499838822,4.066517578587395e-11
2.5416666666666665,277.5004897083007,7738.8077549120535,4.066517578587395e-11
2.5833333333333335,277.4578341037007,7738.832553822068,4.15921386249525e-11
2.625,277.4151627855757,7738.857362106071,4.15921386249525e-11
2.6666666666666665,277.3724916042434,7738.882170549131,4.15921386249525e-11
2.7083333333333335,277.32982055970376,7738.906979151246,4.15921386249525e-11
2.75,277.2871496519567,7738.931787912418,4.15921386249525e-11
2.7916666666666665,277.2444788810024,7738.956596832651,4.15921386249525e-11
2.8333333333333335,277.2018082468407,7738.9814059119435,4.15921386249525e-11
2.875,277.1591377494717,7739.006215150298,4.15921386249525e-11
2.9166666666666665,277.11646738889533,7739.031024547718,4.15921386249525e-11
2.9583333333333335,277.0737971651116,7739.0558341042015,4.15921386249525e-11
3.0,277.03112707810106,7739.080643819763,4.15921386249525e-11
3.0416666666666665,276.9884571278803,7739.105453694396,4.15921386249525e-11
3.0833333333333335,276.9457873144522,7739.130263728099,4.15921386249525e-11
3.125,276.9031176378168,7739.155073920872,4.15921386249525e-11
3.1666666666666665,276.8604480979741,7739.179884272719,4.15921386249525e-11
3.2083333333333335,276.81777869492396,7739.204694783641,4.15921386249525e-11
3.25,276.77510942866655,7739.229505453638,4.15921386249525e-11
3.2916666666666665,276.73244029920176,7739.254316282712,4.15921386249525e-11
3.3333333333333335,276.6897713065296,7739.279127270867,4.15921386249525e-11
3.375,276.6471024506502,7739.303938418101,4.15921386249525e-11
3.4166666666666665,276.6044337315634,7739.328749724418,4.15921386249525e-11
3.4583333333333335,276.5617651492627,7739.353561189822,4.15921386249525e-11
3.5,276.5190967037389,7739.378372814322,4.15921386249525e-11
3.5416666666666665,276.4758917963896,7739.40349663356,4.254316680582429e-11
3.5833333333333335,276.4322479954995,7739.428875919492,4.254316680582429e-11
3.625,276.38860433772953,7739.454255371872,4.254316680582429e-11
3.6666666666666665,276.3449608230777,7739.479634990703,4.254316680582429e-11
3.7083333333333335,276.3013174515432,7739.505014775987,4.254316680582429e-11
3.75,276.2576742231259,7739.530394727725,4.254316680582429e-11
3.7916666666666665,276.214031137825,7739.555774845921,4.254316680582429e-11
3.8333333333333335,276.17038819564505,7739.581155130573,4.254316680582429e-11
3.875,276.1267453965824,7739.6065355816845,4.254316680582429e-11
3.9166666666666665,276.083102740637,7739.631916199258,4.254316680582429e-11
3.9583333333333335,276.0394602278089,7739.657296983293,4.254316680582429e-11
4.0,275.99581785809715,7739.682677933794,4.254316680582429e-11
4.041666666666667,275.9521756315073,7739.708059050759,4.254316680582429e-11
4.083333333333333,275.9085335480338,7739.733440334193,4.254316680582429e-11
4.125,275.8648916076776,7739.758821784096,4.254316680582429e-11
4.166666666666667,275.8212498104386,7739.78420340047,4.254316680582429e-11
4.208333333333333,275.7776081563169,7739.809585183316,4.254316680582429e-11
4.25,275.73396664531623,7739.834967132635,4.254316680582429e-11
4.291666666666667,275.6903252774319,7739.860349248431,4.254316680582429e-11
4.333333333333333,275.6466840526648,7739.885731530705,4.254316680582429e-11
4.375,275.603042971015,7739.911113979458,4.254316680582429e-11
4.416666666666667,275.5594020324834,7739.936496594691,4.254316680582429e-11
4.458333333333333,275.51576123707184,7739.961879376406,4.254316680582429e-11
4.5,275.4714866184453,7739.987631063705,4.351899451242303e-11
4.541666666666667,275.42684511521924,7740.013596404331,4.351899451242303e-11
4.583333333333333,275.3822037617499,7740.039561919171,4.351899451242303e-11
4.625,275.33756255803723,7740.065527608227,4.351899451242303e-11
4.666666666666667,275.2929215040812,7740.091493471499,4.351899451242303e-11
4.708333333333333,275.24828059989306,7740.117459508984,4.351899451242303e-11
4.75,275.203639845469,7740.143425720686,4.351899451242303e-11
4.791666666666667,275.1589992408017,7740.169392106609,4.351899451242303e-11
4.833333333333333,275.114358785891,7740.195358666757,4.351899451242303e-11
4.875,275.0697184807369,7740.22132540113,4.351899451242303e-11
4.916666666666667,275.0250783253396,7740.247292309731,4.351899451242303e-11
4.958333333333333,274.9804383196989,7740.273259392562,4.351899451242303e-11
5.0,274.9357984638149,7740.299226649624,4.351899451242303e-11
5.041666666666667,274.89115875768755,7740.325194080919,4.351899451242303e-11
5.083333333333333,274.84651920131876,7740.351161686446,4.351899451242303e-11
5.125,274.80187979472333,7740.377129466201,4.351899451242303e-11
5.166666666666667,274.7572405378846,7740.403097420194,4.351899451242303e-11
5.208333333333333,274.7126014308026,7740.429065548427,4.351899451242303e-11
5.25,274.66796247347725,7740.455033850902,4.351899451242303e-11
5.291666666666667,274.6233236659085,7740.4810023276195,4.351899451242303e-11
5.333333333333333,274.5786850080965,7740.506970978583,4.351899451242303e-11
5.375,274.53404650004114,7740.532939803793,4.351899451242303e-11
5.416666666666667,274.4891684752815,7740.559048233327,4.4520381273775e-11
5.458333333333333,274.4435031290632,7740.585614969506,4.4520381273775e-11
5.5,274.3978379395762,7740.612181888047,4.4520381273775e-11
5.541666666666667,274.3521729068169,7740.638748988953,4.4520381273775e-11
5.583333333333333,274.30650803078896,7740.665316272225,4.4520381273775e-11
5.625,274.2608433114905,7740.691883737865,4.4520381273775e-11
5.666666666666667,274.2151787489215,7740.718451385876,4.4520381273775e-11
5.708333333333333,274.1695143430829,7740.745019216258,4.4520381273775e-11
5.75,274.12385009397474,7740.771587229014,4.4520381273775e-11
5.791666666666667,274.0781860015951,7740.798155424145,4.4520381273775e-11
5.833333333333333,274.0325220659468,7740.824723801654,4.4520381273775e-11
5.875,273.98685828702713,7740.851292361543,4.4520381273775e-11
5.916666666666667,273.94119466483875,7740.877861103812,4.4520381273775e-11
5.958333333333333,273.89553119937887,7740.904430028466,4.4520381273775e-11
6.0,273.8498678906504,7740.930999135503,4.4520381273775e-11
6.041666666666667,273.80420473865047,7740.9575684249285,4.4520381273775e-11
6.083333333333333,273.75854174338093,7740.984137896742,4.4520381273775e-11
6.125,273.71287890484183,7741.010707550946,4.4520381273775e-11
6.166666666666667,273.6672162230322,7741.037277387543,4.4520381273775e-11
6.208333333333333,273.6215536979521,7741.0638474065345,4.4520381273775e-11
6.25,273.5758913296033,7741.090417607922,4.4520381273775e-11
6.291666666666667,273.5302291179821,7741.116987991709,4.4520381273775e-11
6.333333333333333,273.48421570148133,7741.143763014864,4.554811292845801e-11
6.375,273.43749972336644,7741.170947140041,4.554811292845801e-11
6.416666666666667,273.39078390930035,7741.198131456142,4.554811292845801e-11
6.458333333333333,273.34406825928295,7741.225315963166,4.554811292845801e-11
6.5,273.29735277331713,7741.252500661117,4.554811292845801e-11
6.541666666666667,273.25063745139914,7741.279685549997,4.554811292845801e-11
6.583333333333333,273.2039222935317,7741.306870629807,4.554811292845801e-11
6.625,273.15720729971304,7741.334055900549,4.554811292845801e-11
6.666666666666667,273.11049246994406,7741.361241362227,4.554811292845801e-11
6.708333333333333,273.06377780422474,7741.388427014841,4.554811292845801e-11
6.75,273.01706330255416,7741.415612858394,4.554811292845801e-11
6.791666666666667,272.9703489649333,7741.4427988928865,4.554811292845801e-11
6.833333333333333,272.9236347913621,7741.469985118322,4.554811292845801e-11
6.875,272.8769207818415,7741.497171534702,4.554811292845801e-11
6.916666666666667,272.8302069363687,7741.524358142029,4.554811292845801e-11
6.958333333333333,272.78349325494656,7741.551544940306,4.554811292845801e-11
7.0,272.7367797375731,7741.578731929531,4.554811292845801e-11
7.041666666666667,272.69006638424935,7741.605919109711,4.554811292845801e-11
7.083333333333333,272.6433531949753,7741.633106480844,4.554811292845801e-11
7.125,272.59664016974995,7741.660294042935,4.554811292845801e-11
7.166666666666667,272.54992730857526,7741.687481795984,4.554811292845801e-11
7.208333333333333,272.50321461144927,7741.714669739994,4.554811292845801e-11
7.25,272.4555013619149,7741.742440325943,4.660300263090547e-11
7.291666666666667,272.40770714465526,7741.770258337226,4.660300263090547e-11
7.333333333333333,272.3599130991325,7741.798076548423,4.660300263090547e-11
7.375,272.31211922534465,7741.8258949595365,4.660300263090547e-11
7.416666666666667,272.26432552329265,7741.85371357057,4.660300263090547e-11
7.458333333333333,272.2165319929775,7741.881532381525,4.660300263090547e-11
7.5,272.1687386343982,7741.909351392404,4.660300263090547e-11
7.541666666666667,272.12094544755763,7741.937170603206,4.660300263090547e-11
7.583333333333333,272.0731524324529,7741.964990013937,4.660300263090547e-11
7.625,272.0253595890831,7741.992809624598,4.660300263090547e-11
7.666666666666667,271.9775669174502,7742.02062943519,4.660300263090547e-11
7.708333333333333,271.9297744175531,7742.048449445718,4.660300263090547e-11
7.75,271.881982089391,7742.076269656182,4.660300263090547e-11
7.791666666666667,271.83418993296567,7742.104090066585,4.660300263090547e-11
7.833333333333333,271.78639794827626,7742.131910676928,4.660300263090547e-11
7.875,271.73860613532366,7742.159731487214,4.660300263090547e-11
7.916666666666667,271.6908144941088,7742.187552497444,4.660300263090547e-11
7.958333333333333,271.6430230246298,7742.215373707621,4.660300263090547e-11
8.0,271.5952317268867,7742.243195117749,4.660300263090547e-11
8.041666666666666,271.5474406008795,7742.271016727827,4.660300263090547e-11
8.083333333333334,271.49964964660813,7742.298838537859,4.768589148517919e-11
8.125,271.4507483774414,7742.327307035286,4.768589148517919e-11
8.166666666666666,271.40184728808606,7742.35577574207,4.768589148517919e-11
8.208333333333334,271.35294637854025,7742.384244658216,4.768589148517919e-11
8.25,271.304045648803,7742.412713783725,4.768589148517919e-11
8.291666666666666,271.2551450988781,7742.441183118598,4.768589148517919e-11
8.333333333333334,271.2062447287617,7742.46965266284,4.768589148517919e-11
8.375,271.15734453845585,7742.498122416452,4.768589148517919e-11
8.416666666666666,271.1084445279604,7742.526592379437,4.768589148517919e-11
8.458333333333334,271.0595446972735,7742.555062551796,4.768589148517919e-11
8.5,271.01064504639805,7742.583532933532,4.768589148517919e-11
8.541666666666666,270.9617455753321,7742.612003524648,4.768589148517919e-11
8.583333333333334,270.9128462840766,7742.640474325146,4.768589148517919e-11
8.625,270.86394717263056,7742.668945335027,4.768589148517919e-11
8.666666666666666,270.81504824099596,7742.697416554294,4.768589148517919e-11
8.708333333333334,270.76614948916995,7742.725887982951,4.768589148517919e-11
8.75,270.7172509171544,7742.754359620998,4.768589148517919e-11
8.791666666666666,270.6683525249492,7742.7828314684375,4.768589148517919e-11
8.833333333333334,270.6194543125527,7742.8113035252745,4.768589148517919e-11
8.875,270.57055627996846,7742.839775791507,4.768589148517919e-11
8.916666666666666,270.52165842719285,7742.868248267141,4.768589148517919e-11
8.958333333333334,270.4721337490929,7742.897086053794,4.87976511825861e-11
9.0,270.42209625317065,7742.926222777015,4.87976511825861e-11
9.041666666666666,270.37205894553847,7742.955359719522,4.87976511825861e-11
9.083333333333334,270.3220218261974,7742.984496881318,4.87976511825861e-11
9.125,270.2719848951539,7743.0136342624,4.87976511825861e-11
9.166666666666666,270.22194815240147,7743.042771862775,4.87976511825861e-11
9.208333333333334,270.1719115979392,7743.071909682448,4.87976511825861e-11
9.25,270.1218752317671,7743.101047721419,4.87976511825861e-11
9.291666666666666,270.07183905388695,7743.1301859796895,4.87976511825861e-11
9.333333333333334,270.02180306430256,7743.159324457261,4.87976511825861e-11
9.375,269.9717672630101,7743.188463154138,4.87976511825861e-11
9.416666666666666,269.92173165000787,7743.217602070324,4.87976511825861e-11
9.458333333333334,269.87169622529575,7743.24674120582,4.87976511825861e-11
9.5,269.8216609888775,7743.275880560628,4.87976511825861e-11
9.541666666666666,269.7716259407522,7743.3050201347505,4.87976511825861e-11
9.583333333333334,269.72159108091984,7743.33415992819,4.87976511825861e-11
9.625,269.6715564093776,7743.363299940952,4.87976511825861e-11
9.666666666666666,269.62152192612643,7743.392440173035,4.87976511825861e-11
9.708333333333334,269.57148763116913,7743.421580624443,4.87976511825861e-11
9.75,269.52145352450293,7743.4507212951785,4.87976511825861e-11
9.791666666666666,269.47075635120365,7743.480248482181,4.993918305276025e-11
9.833333333333334,269.41955217823477,7743.510071300188,4.993918305276025e-11
9.875,269.36834820246975,7743.539894347913,4.993918305276025e-11
9.916666666666666,269.3171444239104,7743.569717625356,4.993918305276025e-11
9.958333333333334,269.2659408425549,7743.599541132523,4.993918305276025e-11
10.0,269.21473745840416,7743.629364869414,4.993918305276025e-11
10.041666666666666,269.16353427145816,7743.659188836032,4.993918305276025e-11
10.083333333333334,269.11233128171693,7743.68901303238,4.993918305276025e-11
10.125,269.0611284891795,7743.718837458461,4.993918305276025e-11
10.166666666666666,269.0099258938478,7743.748662114277,4.993918305276025e-11
10.208333333333334,268.958723495719,7743.778486999833,4.993918305276025e-11
10.25,268.9075212947959,7743.8083121151285,4.993918305276025e-11
10.291666666666666,268.8563192910766,7743.838137460168,4.993918305276025e-11
10.333333333333334,268.805117484563,7743.867963034952,4.993918305276025e-11
10.375,268.75391587525235,7743.897788839486,4.993918305276025e-11
10.416666666666666,268.70271446314825,7743.92761487377,4.993918305276025e-11
10.458333333333334,268.6515132482471,7743.957441137809,4.993918305276025e-11
10.5,268.6003122305516,7743.9872676316045,4.993918305276025e-11
10.541666666666666,268.54911141006,7744.01709435516,4.993918305276025e-11
10.583333333333334,268.4978707252629,7744.046944646469,5.111142051644787e-11
10.625,268.44546845868695,7744.077471974944,5.111142051644787e-11
10.666666666666666,268.3930663986821,7744.107999544101,5.111142051644787e-11
10.708333333333334,268.3406645452483,7744.138527353943,5.111142051644787e-11
10.75,268.2882628983874,7744.16905540447,5.111142051644787e-11
10.791666666666666,268.2358614580976,7744.199583695686,5.111142051644787e-11
10.833333333333334,268.18346022437794,7744.230112227594,5.111142051644787e-11
10.875,268.1310591972303,7744.260641000197,5.111142051644787e-11
10.916666666666666,268.07865837665366,7744.291170013499,5.111142051644787e-11
10.958333333333334,268.0262577626472,7744.321699267502,5.111142051644787e-11
11.0,267.97385735521374,7744.352228762207,5.111142051644787e-11
11.041666666666666,267.9214571543522,7744.382758497618,5.111142051644787e-11
11.083333333333334,267.86905716006083,7744.413288473739,5.111142051644787e-11
11.125,267.81665737234147,7744.443818690573,5.111142051644787e-11
11.166666666666666,267.7642577911923,7744.47434914812,5.111142051644787e-11
11.208333333333334,267.71185841661503,7744.504879846386,5.111142051644787e-11
11.25,267.65945924860796,7744.535410785373,5.111142051644787e-11
11.291666666666666,267.60706028717385,7744.565941965083,5.111142051644787e-11
11.333333333333334,267.5546615323117,7744.596473385518,5.111142051644787e-11
11.375,267.5022629840197,7744.627005046683,5.111142051644787e-11
11.416666666666666,267.4486921333298,7744.658220159997,5.231533002457347e-11
11.458333333333334,267.3950597878136,7744.689471483728,5.231533002457347e-11
11.5,267.34142765871434,7744.7207230596705,5.231533002457347e-11
11.541666666666666,267.287795746034,7744.7519748878285,5.231533002457347e-11
11.583333333333334,267.2341640497688,7744.783226968207,5.231533002457347e-11
11.625,267.18053256992346,7744.814479300804,5.231533002457347e-11
11.666666666666666,267.1269013064941,7744.845731885627,5.231533002457347e-11
11.708333333333334,267.0732702594828,7744.876984722678,5.231533002457347e-11
11.75,267.01963942888847,7744.908237811959,5.231533002457347e-11
11.791666666666666,266.96600881471204,7744.939491153474,5.231533002457347e-11
11.833333333333334,266.91237841695266,7744.970744747225,5.231533002457347e-11
11.875,266.85874823560937,7745.001998593217,5.231533002457347e-11
11.916666666666666,266.8051182706831,7745.033252691452,5.231533002457347e-11
11.958333333333334,266.7514885221738,7745.064507041933,5.231533002457347e-11
12.0,266.6978589900825,7745.095761644663,5.231533002457347e-11
12.041666666666666,266.6442296744082,7745.127016499645,5.231533002457347e-11
12.083333333333334,266.5906005751518,7745.158271606882,5.231533002457347e-11
12.125,266.53697169231253,7745.189526966377,5.231533002457347e-11
12.166666666666666,266.4829521753965,7745.221010373203,5.355191234959618e-11
12.208333333333334,266.4280561089404,7745.2530050399355,5.355191234959618e-11
12.25,266.37316026925293,7745.284999971004,5.355191234959618e-11
12.291666666666666,266.3182646563342,7745.3169951664095,5.355191234959618e-11
12.333333333333334,266.26336927018315,7745.348990626156,5.355191234959618e-11
12.375,266.20847411080075,7745.3809863502465,5.355191234959618e-11
12.416666666666666,266.15357917818704,7745.412982338685,5.355191234959618e-11
12.458333333333334,266.09868447234203,7745.444978591475,5.355191234959618e-11
12.5,266.04378999326565,7745.476975108618,5.355191234959618e-11
12.541666666666666,265.98889574095796,7745.508971890118,5.355191234959618e-11
12.583333333333334,265.9340017154189,7745.540968935979,5.355191234959618e-11
12.625,265.87910791665877,7745.572966246198,5.355191234959618e-11
12.666666666666666,265.82421434466727,7745.604963820785,5.355191234959618e-11
12.708333333333334,265.76932099944446,7745.636961659741,5.355191234959618e-11
12.75,265.7144278809894,7745.668959763072,5.355191234959618e-11
12.791666666666666,265.659534989303,7745.700958130781,5.355191234959618e-11
12.833333333333334,265.6046423243852,7745.7329567628685,5.355191234959618e-11
12.875,265.54974988623616,7745.764955659341,5.355191234959618e-11
12.916666666666666,265.49473831735645,7745.797024399534,5.482220393337083e-11
12.958333333333334,265.43854425687624,7745.829782878996,5.482220393337083e-11
13.0,265.3823504340509,7745.862541635543,5.482220393337083e-11
13.041666666666666,265.3261568488805,7745.895300669179,5.482220393337083e-11
13.083333333333334,265.26996350136585,7745.928059979907,5.482220393337083e-11
13.125,265.2137703915052,7745.960819567731,5.482220393337083e-11
13.166666666666666,265.1575775193004,7745.993579432654,5.482220393337083e-11
13.208333333333334,265.10138488474956,7746.02633957468,5.482220393337083e-11
13.25,265.04519248785454,7746.059099993812,5.482220393337083e-11
13.291666666666666,264.9890003286144,7746.091860690054,5.482220393337083e-11
13.333333333333334,264.93280840702914,7746.124621663409,5.482220393337083e-11
13.375,264.87661672309974,7746.157382913881,5.482220393337083e-11
13.416666666666666,264.82042527682427,7746.1901444414725,5.482220393337083e-11
13.458333333333334,264.76423406820555,7746.222906246187,5.482220393337083e-11
13.5,264.7080430972399,7746.255668328032,5.482220393337083e-11
13.541666666666666,264.651852363931,7746.288430687005,5.482220393337083e-11
13.583333333333334,264.59566186827607,7746.321193323113,5.482220393337083e-11
13.625,264.53947161027696,7746.353956236359,5.482220393337083e-11
13.666666666666666,264.48289144708497,7746.38694691209,5.6127277729985736e-11
13.708333333333334,264.4253640391687,7746.420490337994,5.6127277729985736e-11
13.75,264.3678368803589,7746.454034054398,5.6127277729985736e-11
13.791666666666666,264.31030997065267,7746.487578061307,5.6127277729985736e-11
13.833333333333334,264.2527833100501,7746.521122358726,5.6127277729985736e-11
13.875,264.195256898554,7746.554666946656,5.6127277729985736e-11
13.916666666666666,264.1377307361625,7746.588211825101,5.6127277729985736e-11
13.958333333333334,264.08020482287463,7746.621756994068,5.6127277729985736e-11
14.0,264.02267915869317,7746.655302453557,5.6127277729985736e-11
14.041666666666666,263.9651537436163,7746.688848203573,5.6127277729985736e-11
14.083333333333334,263.9076285776431,7746.7223942441215,5.6127277729985736e-11
14.125,263.85010366077535,7746.7559405752045,5.6127277729985736e-11
14.166666666666666,263.79257899301217,7746.789487196826,5.6127277729985736e-11
14.208333333333334,263.7350545743536,7746.82303410899,5.6127277729985736e-11
14.25,263.67753040480056,7746.8565813117,5.6127277729985736e-11
14.291666666666666,263.6200064843521,7746.89012880496,5.6127277729985736e-11
14.333333333333334,263.5624828130081,7746.923676588774,5.6127277729985736e-11
14.375,263.5049593907697,7746.957224663145,5.6127277729985736e-11
14.416666666666666,263.44618788041174,7746.991501081633,5.746824681261505e-11
14.458333333333334,263.38729065166785,7747.025851277384,5.746824681261505e-11
14.5,263.3283936840752,7747.0602017777555,5.746824681261505e-11
14.541666666666666,263.26949697763007,7747.09455258275,5.746824681261505e-11
14.583333333333334,263.2106005323371,7747.128903692372,5.746824681261505e-11
14.625,263.15170434819163,7747.163255106626,5.746824681261505e-11
14.666666666666666,263.0928084251974,7747.197606825515,5.746824681261505e-11
14.708333333333334,263.03391276335344,7747.231958849043,5.746824681261505e-11
14.75,262.9750173626598,7747.266311177214,5.746824681261505e-11
14.791666666666666,262.9161222231155,7747.300663810034,5.746824681261505e-11
14.833333333333334,262.8572273447206,7747.3350167475055,5.746824681261505e-11
14.875,262.798332727476,7747.369369989632,5.746824681261505e-11
14.916666666666666,262.7394383713827,7747.4037235364185,5.746824681261505e-11
14.958333333333334,262.6805442764396,7747.438077387867,5.746824681261505e-11
15.0,262.621650442645,7747.472431543986,5.746824681261505e-11
15.041666666666666,262.5627568700016,7747.506786004776,5.746824681261505e-11
15.083333333333334,262.50386355850566,7747.541140770242,5.746824681261505e-11
15.125,262.4436524753701,7747.576264715776,5.884626298424234e-11
15.166666666666666,262.3833475204371,7747.611443899958,5.884626298424234e-11
15.208333333333334,262.32304283932785,7747.646623403617,5.884626298424234e-11
15.25,262.2627384320423,7747.681803226756,5.884626298424234e-11
15.291666666666666,262.20243429858147,7747.716983369378,5.884626298424234e-11
15.333333333333334,262.1421304389443,7747.752163831489,5.884626298424234e-11
15.375,262.0818268531319,7747.787344613093,5.884626298424234e-11
15.416666666666666,262.0215235411441,7747.822525714195,5.884626298424234e-11
15.458333333333334,261.96122050298004,7747.857707134798,5.884626298424234e-11
15.5,261.90091773864066,7747.892888874908,5.884626298424234e-11
15.541666666666666,261.84061524812597,7747.928070934527,5.884626298424234e-11
15.583333333333334,261.7803130314341,7747.963253313662,5.884626298424234e-11
15.625,261.7200110885669,7747.998436012315,5.884626298424234e-11
15.666666666666666,261.65970941952526,7748.0336190304915,5.884626298424234e-11
15.708333333333334,261.5994080243064,7748.068802368196,5.884626298424234e-11
15.75,261.53910690291224,7748.103986025433,5.884626298424234e-11
15.791666666666666,261.47829811383133,7748.139466374908,6.026252014978217e-11
15.833333333333334,261.4165462876288,7748.175497460876,6.026252014978217e-11
15.875,261.35479474858937,7748.211528881955,6.026252014978217e-11
15.916666666666666,261.29304349671304,7748.24756063815,6.026252014978217e-11
15.958333333333334,261.2312925320007,7748.283592729467,6.026252014978217e-11
16.0,261.16954185444956,7748.319625155909,6.026252014978217e-11
16.041666666666668,261.1077914640633,7748.355657917481,6.026252014978217e-11
16.083333333333332,261.0460413608393,7748.391691014188,6.026252014978217e-11
16.125,260.9842915447783,7748.4277244460345,6.026252014978217e-11
16.166666666666668,260.9225420158813,7748.463758213025,6.026252014978217e-11
16.208333333333332,260.86079277414734,7748.499792315165,6.026252014978217e-11
16.25,260.79904381957556,7748.535826752458,6.026252014978217e-11
16.291666666666668,260.7372951521687,7748.571861524909,6.026252014978217e-11
16.333333333333332,260.67554677192305,7748.607896632524,6.026252014978217e-11
16.375,260.6137986788414,7748.643932075305,6.026252014978217e-11
16.416666666666668,260.55205087292285,7748.67996785326,6.026252014978217e-11
16.458333333333332,260.49007961350213,7748.716134543303,6.171825556783296e-11
16.5,260.4268407855546,7748.753041513789,6.171825556783296e-11
16.541666666666668,260.3636022588117,7748.78994883585,6.171825556783296e-11
16.583333333333332,260.3003640332725,7748.826856509492,6.171825556783296e-11
16.625,260.237126108936,7748.863764534722,6.171825556783296e-11
16.666666666666668,260.1738884858042,7748.900672911542,6.171825556783296e-11
16.708333333333332,260.110651163877,7748.937581639959,6.171825556783296e-11
16.75,260.0474141431544,7748.974490719976,6.171825556783296e-11
16.791666666666668,259.98417742363733,7749.0114001515985,6.171825556783296e-11
16.833333333333332,259.92094100532495,7749.048309934832,6.171825556783296e-11
16.875,259.85770488821714,7749.085220069682,6.171825556783296e-11
16.916666666666668,259.794469072314,7749.122130556152,6.171825556783296e-11
16.958333333333332,259.7312335576145,7749.1590413942495,6.171825556783296e-11
17.0,259.6679983441187,7749.195952583978,6.171825556783296e-11
17.041666666666668,259.6047634318266,7749.232864125343,6.171825556783296e-11
17.083333333333332,259.54152882074004,7749.26977601835,6.171825556783296e-11
17.125,259.4777706495961,7749.306994062724,6.321475159516672e-11
17.166666666666668,259.41300339835976,7749.344801694184,6.321475159516672e-11
17.208333333333332,259.34823646311185,7749.38260969456,6.321475159516672e-11
17.25,259.28346984385234,7749.420418063858,6.321475159516672e-11
17.291666666666668,259.21870354058126,7749.458226802083,6.321475159516672e-11
17.333333333333332,259.15393755329774,7749.496035909242,6.321475159516672e-11
17.375,259.08917188200263,7749.533845385339,6.321475159516672e-11
17.416666666666668,259.02440652669685,7749.571655230379,6.321475159516672e-11
17.458333333333332,258.95964148737863,7749.609465444368,6.321475159516672e-11
17.5,258.89487676404883,7749.647276027312,6.321475159516672e-11
17.541666666666668,258.8301123567084,7749.685086979214,6.321475159516672e-11
17.583333333333332,258.76534826535453,7749.722898300083,6.321475159516672e-11
17.625,258.70058448999004,7749.760709989922,6.321475159516672e-11
17.666666666666668,258.63582103061395,7749.798522048736,6.321475159516672e-11
17.708333333333332,258.57105788722544,7749.836334476533,6.321475159516672e-11
17.75,258.50629505982624,7749.874147273316,6.321475159516672e-11
17.791666666666668,258.4401139212744,7749.91278874521,6.475333690624486e-11
17.833333333333332,258.3737754882639,7749.951522637386,6.475333690624486e-11
17.875,258.30743738681076,7749.990256916746,6.475333690624486e-11
17.916666666666668,258.241099616915,7750.0289915832955,6.475333690624486e-11
17.958333333333332,258.1747621785775,7750.067726637041,6.475333690624486e-11
18.0,258.1084250717964,7750.106462077988,6.475333690624486e-11
18.041666666666668,258.0420882965727,7750.145197906142,6.475333690624486e-11
18.083333333333332,257.9757518529063,7750.18393412151,6.475333690624486e-11
18.125,257.9094157407973,7750.222670724097,6.475333690624486e-11
18.166666666666668,257.8430799602447,7750.261407713908,6.475333690624486e-11
18.208333333333332,257.7767445112495,7750.3001450909505,6.475333690624486e-11
18.25,257.7104093938116,7750.33888285523,6.475333690624486e-11
18.291666666666668,257.6440746079301,7750.377621006751,6.475333690624486e-11
18.333333333333332,257.57774015360604,7750.41635954552,6.475333690624486e-11
18.375,257.51140603084025,7750.455098471543,6.475333690624486e-11
18.416666666666668,257.4437351924069,7750.49461863402,6.633539064166874e-11
18.458333333333332,257.3757810844164,7750.534304835921,6.633539064166874e-11
18.5,257.307827324382,7750.5739914442465,6.633539064166874e-11
18.541666666666668,257.2398739123037,7750.613678459006,6.633539064166874e-11
18.583333333333332,257.17192084818333,7750.653365880203,6.633539064166874e-11
18.625,257.10396813201623,7750.693053707847,6.633539064166874e-11
18.666666666666668,257.0360157638099,7750.732741941939,6.633539064166874e-11
18.708333333333332,256.968063743555,7750.772430582492,6.633539064166874e-11
18.75,256.90011207125985,7750.812119629507,6.633539064166874e-11
18.791666666666668,256.832160746919,7750.851809082993,6.633539064166874e-11
18.833333333333332,256.76420977053607,7750.891498942955,6.633539064166874e-11
18.875,256.69625914210735,7750.9311892094,6.633539064166874e-11
18.916666666666668,256.6283088616375,7750.970879882332,6.633539064166874e-11
18.958333333333332,256.5603589291228,7751.01057096176,6.633539064166874e-11
19.0,256.492228803115,7751.050367908431,6.796234139726971e-11
19.041666666666668,256.4226130396351,7751.091033295822,6.796234139726971e-11
19.083333333333332,256.35299764138927,7751.131699109912,6.796234139726971e-11
19.125,256.2833826083774,7751.172365350706,6.796234139726971e-11
19.166666666666668,256.21376794059853,7751.213032018214,6.796234139726971e-11
19.208333333333332,256.1441536380537,7751.253699112441,6.796234139726971e-11
19.25,256.07453970074283,7751.294366633392,6.796234139726971e-11
19.291666666666668,256.004926128665,7751.335034581077,6.796234139726971e-11
19.333333333333332,255.93531292182115,7751.375702955501,6.796234139726971e-11
19.375,255.86570008021033,7751.416371756671,6.796234139726971e-11
19.416666666666668,255.79608760383445,7751.457040984594,6.796234139726971e-11
19.458333333333332,255.72647549269163,7751.497710639275,6.796234139726971e-11
19.5,255.65686374678182,7751.538380720724,6.796234139726971e-11
19.541666666666668,255.58725236610601,7751.579051228944,6.796234139726971e-11
19.583333333333332,255.51764135066512,7751.619722163944,6.796234139726971e-11
19.625,255.44675955136586,7751.661136224998,6.963567111147743e-11
19.666666666666668,255.37543537335935,7751.702809424374,6.963567111147743e-11
19.708333333333332,255.30411157879325,7751.744483071827,6.963567111147743e-11
19.75,255.23278816766756,7751.786157167362,6.963567111147743e-11
19.791666666666668,255.16146513998228,7751.827831710987,6.963567111147743e-11
19.833333333333332,255.09014249573647,7751.869506702709,6.963567111147743e-11
19.875,255.01882023493107,7751.911182142536,6.963567111147743e-11
19.916666666666668,254.94749835756608,7751.952858030475,6.963567111147743e-11
19.958333333333332,254.8761768636415,7751.994534366532,6.963567111147743e-11
20.0,254.80485575315728,7752.036211150716,6.963567111147743e-11
20.041666666666668,254.73353502611351,7752.077888383032,6.963567111147743e-11
20.083333333333332,254.6622146825092,7752.119566063489,6.963567111147743e-11
20.125,254.5908947223453,7752.161244192094,6.963567111147743e-11
20.166666666666668,254.5195751456218,7752.202922768855,6.963567111147743e-11
20.208333333333332,254.44697788318712,7752.245348705104,7.135691681032885e-11
20.25,254.3738962358907,7752.288058420064,7.135691681032885e-11
20.291666666666668,254.30081499122176,7752.330768605631,7.135691681032885e-11
20.333333333333332,254.22773414919152,7752.373479261809,7.135691681032885e-11
20.375,254.154653709786,7752.4161903886115,7.135691681032885e-11
20.416666666666668,254.08157367300709,7752.458901986047,7.135691681032885e-11
20.458333333333332,254.00849403886775,7752.501614054114,7.135691681032885e-11
20.5,253.93541480735317,7752.544326592831,7.135691681032885e-11
20.541666666666668,253.86233597846422,7752.587039602203,7.135691681032885e-11
20.583333333333332,253.7892575522149,7752.629753082231,7.135691681032885e-11
20.625,253.71617952859123,7752.672467032932,7.135691681032885e-11
20.666666666666668,253.64310190759227,7752.715181454311,7.135691681032885e-11
20.708333333333332,253.57002468923292,7752.75789634637,7.135691681032885e-11
20.75,253.49687231386454,7752.800655876127,7.312767288009409e-11
20.791666666666668,253.42198248007148,7752.844431729958,7.312767288009409e-11
20.833333333333332,253.34709306913894,7752.888208078149,7.312767288009409e-11
20.875,253.2722040810669,7752.931984920707,7.312767288009409e-11
20.916666666666668,253.19731551585718,7752.975762257642,7.312767288009409e-11
20.958333333333332,253.12242737350707,7753.0195400889625,7.312767288009409e-11
21.0,253.0475396540193,7753.063318414675,7.312767288009409e-11
21.041666666666668,252.972652357392,7753.10709723479,7.312767288009409e-11
21.083333333333332,252.8977654836243,7753.1508765493145,7.312767288009409e-11
21.125,252.82287903271987,7753.194656358258,7.312767288009409e-11
21.166666666666668,252.747993004675,7753.238436661628,7.312767288009409e-11
21.208333333333332,252.67310739949158,7753.282217459433,7.312767288009409e-11
21.25,252.59822221716865,7753.325998751681,7.312767288009409e-11
21.291666666666668,252.52333745770716,7753.369780538382,7.312767288009409e-11
21.333333333333332,252.44717823895255,7753.414308205457,7.494959344814929e-11
21.375,252.37042866196762,7753.459181810738,7.494959344814929e-11
21.416666666666668,252.29367952917517,7753.504055935444,7.494959344814929e-11
21.458333333333332,252.21693084057887,7753.54893057958,7.494959344814929e-11
21.5,252.140182596175,7753.593805743159,7.494959344814929e-11
21.541666666666668,252.06343479596543,7753.638681426187,7.494959344814929e-11
21.583333333333332,251.98668743995017,7753.683557628675,7.494959344814929e-11
21.625,251.90994052812738,7753.728434350633,7.494959344814929e-11
21.666666666666668,251.83319406049978,7753.773311592067,7.494959344814929e-11
21.708333333333332,251.7564480370665,7753.818189352987,7.494959344814929e-11
21.75,251.67970245782752,7753.863067633403,7.494959344814929e-11
21.791666666666668,251.60295732278192,7753.907946433324,7.494959344814929e-11
21.833333333333332,251.5262126319306,7753.952825752757,7.494959344814929e-11
21.875,251.44820459155272,7753.998444661568,7.682439399030638e-11
21.916666666666668,251.3695411210684,7754.044447679638,7.682439399030638e-11
21.958333333333332,251.29087811728846,7754.090451243561,7.682439399030638e-11
22.0,251.21221558019425,7754.136455353355,7.682439399030638e-11
22.041666666666668,251.1335535098007,7754.182460009023,7.682439399030638e-11
22.083333333333332,251.05489190609754,7754.22846521058,7.682439399030638e-11
22.125,250.97623076909036,7754.274470958033,7.682439399030638e-11
22.166666666666668,250.89757009877823,7754.320477251391,7.682439399030638e-11
22.208333333333332,250.81890989515745,7754.366484090668,7.682439399030638e-11
22.25,250.74025015823636,7754.412491475867,7.682439399030638e-11
22.291666666666668,250.66159088800197,7754.458499407006,7.682439399030638e-11
22.333333333333332,250.5829320844719,7754.504507884084,7.682439399030638e-11
22.375,250.5042737476239,7754.550516907124,7.682439399030638e-11
22.416666666666668,250.4237556096632,7754.597614617717,7.875385737926083e-11
22.458333333333332,250.34312272361387,7754.644780308245,7.875385737926083e-11
22.5,250.26249032799433,7754.691946572527,7.875385737926083e-11
22.541666666666668,250.1818584228065,7754.739113410573,7.875385737926083e-11
22.583333333333332,250.10122700804936,7754.7862808223945,7.875385737926083e-11
22.625,250.020596083723,7754.833448808001,7.875385737926083e-11
22.666666666666668,249.93996565083788,7754.880617366813,7.875385737926083e-11
22.708333333333332,249.8593357087346,7754.9277864992255,7.875385737926083e-11
22.75,249.77870625706296,7754.974956205455,7.875385737926083e-11
22.791666666666668,249.69807729582396,7755.02212648551,7.875385737926083e-11
22.833333333333332,249.6174488250138,7755.069297339404,7.875385737926083e-11
22.875,249.53682084463443,7755.116468767147,7.875385737926083e-11
22.916666666666668,249.45509202904535,7755.164285117411,8.07398318884272e-11
22.958333333333332,249.37243183226883,7755.212647282236,8.07398318884272e-11
23.0,249.28977215096913,7755.26101005025,8.07398318884272e-11
23.041666666666668,249.20711298514718,7755.309373421463,8.07398318884272e-11
23.083333333333332,249.12445433480386,7755.357737395887,8.07398318884272e-11
23.125,249.04179619993735,7755.406101973534,8.07398318884272e-11
23.166666666666668,248.95913858054857,7755.4544671544145,8.07398318884272e-11
23.208333333333332,248.8764814766366,7755.502832938541,8.07398318884272e-11
23.25,248.7938248882033,7755.551199325923,8.07398318884272e-11
23.291666666666668,248.7111688152477,7755.599566316572,8.07398318884272e-11
23.333333333333332,248.62851325776893,7755.647933910502,8.07398318884272e-11
23.375,248.54585821576788,7755.696302107721,8.07398318884272e-11
23.416666666666668,248.46227352025267,7755.745215241213,8.278423691771286e-11
23.458333333333332,248.37752664806507,7755.7948094165795,8.278423691771286e-11
23.5,248.29278031778614,7755.844404226214,8.278423691771286e-11
23.541666666666668,248.20803452942613,7755.893999670121,8.278423691771286e-11
23.583333333333332,248.12328928297384,7755.94359574832,8.278423691771286e-11
23.625,248.03854457843582,7755.993192460819,8.278423691771286e-11
23.666666666666668,247.95380041581393,7756.0427898076305,8.278423691771286e-11
23.708333333333332,247.86905679509883,7756.092387788771,8.278423691771286e-11
23.75,247.78431371630168,7756.1419864042455,8.278423691771286e-11
23.791666666666668,247.6995711794151,7756.191585654072,8.278423691771286e-11
23.833333333333332,247.6148291844409,7756.241185538261,8.278423691771286e-11
23.875,247.53008773138095,7756.290786056823,8.278423691771286e-11
23.916666666666668,247.44395831906238,7756.341199945078,8.488906531331249e-11
23.958333333333332,247.3570634019915,7756.3920629002805,8.488906531331249e-11
24.0,247.27016905474105,7756.442926522565,8.488906531331249e-11
24.041666666666668,247.18327527730912,7756.4937908119455,8.488906531331249e-11
24.083333333333332,247.09638206969947,7756.544655768432,8.488906531331249e-11
24.125,247.00948943190835,7756.595521392041,8.488906531331249e-11
24.166666666666668,246.92259736393856,7756.646387682783,8.488906531331249e-11
24.208333333333332,246.83570586578733,7756.697254640673,8.488906531331249e-11
24.25,246.7488149374556,7756.748122265724,8.488906531331249e-11
24.291666666666668,246.66192457894422,7756.798990557949,8.488906531331249e-11
24.333333333333332,246.5750347902542,7756.84985951736,8.488906531331249e-11
24.375,246.48784362518228,7756.900905921278,8.705638650774931e-11
24.416666666666668,246.39873661259563,7756.953075006768,8.705638650774931e-11
24.458333333333332,246.30963019930292,7757.005244793986,8.705638650774931e-11
24.5,246.220524385293,7757.057415282953,8.705638650774931e-11
24.541666666666668,246.13141917057243,7757.109586473679,8.705638650774931e-11
24.583333333333332,246.04231455514113,7757.161758366178,8.705638650774931e-11
24.625,245.95321053899545,7757.213930960467,8.705638650774931e-11
24.666666666666668,245.86410712213907,7757.266104256558,8.705638650774931e-11
24.708333333333332,245.77500430456922,7757.318278254466,8.705638650774931e-11
24.75,245.68590208629146,7757.370452954202,8.705638650774931e-11
24.791666666666668,245.59680046729372,7757.422628355788,8.705638650774931e-11
24.833333333333332,245.5076994475899,7757.47480445923,8.705638650774931e-11
24.875,245.416517721748,7757.528200080222,8.928834876912233e-11
24.916666666666668,245.32513357074467,7757.58171534678,8.928834876912233e-11
24.958333333333332,245.23375005015265,7757.635231351693,8.928834876912233e-11
25.0,245.14236715997197,7757.6887480949745,8.928834876912233e-11
25.041666666666668,245.05098490020075,7757.742265576643,8.928834876912233e-11
25.083333333333332,244.9596032708427,7757.795783796711,8.928834876912233e-11
25.125,244.86822227189316,7757.849302755195,8.928834876912233e-11
25.166666666666668,244.77684190335776,7757.902822452109,8.928834876912233e-11
25.208333333333332,244.68546216522995,7757.956342887472,8.928834876912233e-11
25.25,244.59408305751532,7758.009864061294,8.928834876912233e-11
25.291666666666668,244.50270458021015,7758.063385973594,8.928834876912233e-11
25.333333333333332,244.40904599279258,7758.11824453432,9.158718670373141e-11
25.375,244.315316182361,7758.173145977525,9.158718670373141e-11
25.416666666666668,244.22158703521174,7758.228048197776,9.158718670373141e-11
25.458333333333332,244.12785855135695,7758.282951195082,9.158718670373141e-11
25.5,244.03413073079753,7758.33785496946,9.158718670373141e-11
25.541666666666668,243.9404035735177,7758.392759520934,9.158718670373141e-11
25.583333333333332,243.84667707953324,7758.447664849513,9.158718670373141e-11
25.625,243.75295124884414,7758.502570955213,9.158718670373141e-11
25.666666666666668,243.6592260814365,7758.557477838059,9.158718670373141e-11
25.708333333333332,243.56550157732144,7758.61238549806,9.158718670373141e-11
25.75,243.4710507560121,7758.667719843829,9.395521935978038e-11
25.791666666666668,243.37490433275886,7758.724048779981,9.395521935978038e-11
25.833333333333332,243.2787586075375,7758.780378534049,9.395521935978038e-11
25.875,243.18261358034982,7758.836709106052,9.395521935978038e-11
25.916666666666668,243.0864692511959,7758.893040496007,9.395521935978038e-11
25.958333333333332,242.99032562007383,7758.949372703933,9.395521935978038e-11
26.0,242.89418268698455,7759.005705729846,9.395521935978038e-11
26.041666666666668,242.79804045192898,7759.062039573766,9.395521935978038e-11
26.083333333333332,242.70189891490526,7759.11837423571,9.395521935978038e-11
26.125,242.60575807591528,7759.174709715694,9.395521935978038e-11
26.166666666666668,242.509617934959,7759.231046013737,9.395521935978038e-11
26.208333333333332,242.41123871652596,7759.288695639016,9.639485735537049e-11
26.25,242.31260366224777,7759.346496472561,9.639485735537049e-11
26.291666666666668,242.21396934272255,7759.404298167258,9.639485735537049e-11
26.333333333333332,242.11533575795124,7759.462100723125,9.639485735537049e-11
26.375,242.0167029079329,7759.519904140184,9.639485735537049e-11
26.416666666666668,241.91807079267036,7759.57770841845,9.639485735537049e-11
26.458333333333332,241.81943941215985,7759.635513557946,9.639485735537049e-11
26.5,241.7208087664051,7759.693319558687,9.639485735537049e-11
26.541666666666668,241.62217885540238,7759.751126420698,9.639485735537049e-11
26.583333333333332,241.52354967915454,7759.808934143994,9.639485735537049e-11
26.625,241.4229636708917,7759.867890120281,9.890860607302365e-11
26.666666666666668,241.32176401280054,7759.927207128203,9.890860607302365e-11
26.708333333333332,241.22056512828172,7759.986525042981,9.890860607302365e-11
26.75,241.11936701733805,7760.045843864634,9.890860607302365e-11
26.791666666666668,241.01816967996675,7760.105163593184,9.890860607302365e-11
26.833333333333332,240.91697311616875,7760.164484228651,9.890860607302365e-11
26.875,240.81577732594496,7760.2238057710565,9.890860607302365e-11
26.916666666666668,240.71458230929449,7760.283128220421,9.890860607302365e-11
26.958333333333332,240.6133880662173,7760.342451576765,9.890860607302365e-11
27.0,240.5121945967134,7760.401775840109,9.890860607302365e-11
27.041666666666668,240.40867554842401,7760.462464872438,1.0149906984709152e-10
27.083333333333332,240.3048333897693,7760.523344761834,1.0149906984709152e-10
27.125,240.20099204574245,7760.584225606426,1.0149906984709152e-10
27.166666666666668,240.09715151634347,7760.645107406239,1.0149906984709152e-10
27.208333333333332,239.99331180157046,7760.705990161294,1.0149906984709152e-10
27.25,239.88947290142534,7760.766873871614,1.0149906984709152e-10
27.291666666666668,239.7856348159034,7760.827758537223,1.0149906984709152e-10
27.333333333333332,239.68179754500278,7760.888644158147,1.0149906984709152e-10
27.375,239.57796108873004,7760.949530734402,1.0149906984709152e-10
27.416666666666668,239.47344839302357,7761.010815284205,1.0417609939727355e-10
27.458333333333332,239.3668749474995,7761.0733097193315,1.0417609939727355e-10
27.5,239.2603023601407,7761.13580516092,1.0417609939727355e-10
27.541666666666668,239.1537306309445,7761.198301608998,1.0417609939727355e-10
27.583333333333332,239.04715975991263,7761.260799063587,1.0417609939727355e-10
27.625,238.94058974704612,7761.323297524711,1.0417609939727355e-10
27.666666666666668,238.83402059234305,7761.3857969923965,1.0417609939727355e-10
27.708333333333332,238.72745229580534,7761.448297466665,1.0417609939727355e-10
27.75,238.62088485743013,7761.510798947545,1.0417609939727355e-10
27.791666666666668,238.51431827721836,7761.573301435058,1.0417609939727355e-10
27.833333333333332,238.4053154099034,7761.637234394297,1.069339826188557e-10
27.875,238.29592945613433,7761.701393631736,1.069339826188557e-10
27.916666666666668,238.18654440656957,7761.765553929889,1.069339826188557e-10
27.958333333333332,238.07716026120818,7761.829715288783,1.069339826188557e-10
28.0,237.96777702005113,7761.893877708443,1.069339826188557e-10
28.041666666666668,237.85839468309376,7761.958041188898,1.069339826188557e-10
28.083333333333332,237.749013250337,7762.022205730175,1.069339826188557e-10
28.125,237.63963272178452,7762.086371332296,1.069339826188557e-10
28.166666666666668,237.53025309743546,7762.15053799529,1.069339826188557e-10
28.208333333333332,237.418775238025,7762.215937208185,1.0977553151398649e-10
28.25,237.3064909634907,7762.281811180821,1.0977553151398649e-10
28.291666666666668,237.194207641853,7762.347686271543,1.0977553151398649e-10
28.333333333333332,237.08192527311576,7762.4135624803785,1.0977553151398649e-10
28.375,236.9696438572686,7762.479439807361,1.0977553151398649e-10
28.416666666666668,236.85736339431256,7762.545318252519,1.0977553151398649e-10
28.458333333333332,236.7450838842634,7762.611197815871,1.0977553151398649e-10
28.5,236.6328053271044,7762.677078497455,1.0977553151398649e-10
28.541666666666668,236.52052772283554,7762.742960297301,1.0977553151398649e-10
28.583333333333332,236.4058052837951,7762.810278400066,1.1270367191439244e-10
28.625,236.29053479006606,7762.877919860365,1.1270367191439244e-10
28.666666666666668,236.17526530074514,7762.945562499467,1.1270367191439244e-10
28.708333333333332,236.05999681583512,7763.0132063174,1.1270367191439244e-10
28.75,235.94472933533044,7763.080851314197,1.1270367191439244e-10
28.791666666666668,235.82946285923478,7763.1484974898885,1.1270367191439244e-10
28.833333333333332,235.7141973875491,7763.216144844504,1.1270367191439244e-10
28.875,235.59893292026874,7763.283793378077,1.1270367191439244e-10
28.916666666666668,235.48323223102093,7763.35169970818,1.1572144773331419e-10
28.958333333333332,235.36488349984586,7763.4211620542355,1.1572144773331419e-10
29.0,235.24653582758643,7763.490625643329,1.1572144773331419e-10
29.041666666666668,235.1281892142445,7763.560090475489,1.1572144773331419e-10
29.083333333333332,235.0098436598191,7763.6295565507535,1.1572144773331419e-10
29.125,234.89149916431123,7763.6990238691515,1.1572144773331419e-10
29.166666666666668,234.77315572771894,7763.76849243072,1.1572144773331419e-10
29.208333333333332,234.65481335004512,7763.83796223549,1.1572144773331419e-10
29.25,234.536472031286,7763.907433283496,1.1572144773331419e-10
29.291666666666668,234.41593160907738,7763.978197209679,1.188320264748271e-10
29.333333333333332,234.2944114993019,7764.04953822552,1.188320264748271e-10
29.375,234.17289250614587,7764.120880552432,1.188320264748271e-10
29.416666666666668,234.0513746295944,7764.19222419046,1.188320264748271e-10
29.458333333333332,233.92985786964653,7764.263569139642,1.188320264748271e-10
29.5,233.80834222631717,7764.334915400003,1.188320264748271e-10
29.541666666666668,233.68682769959233,7764.406262971588,1.188320264748271e-10
29.583333333333332,233.56531428947207,7764.477611854434,1.188320264748271e-10
29.625,233.4422900178563,7764.549849871803,1.220387034686189e-10
29.666666666666668,233.31749989690724,7764.623126829453,1.220387034686189e-10
29.708333333333332,233.19271095364354,7764.6964051702,1.220387034686189e-10
29.75,233.06792318806518,7764.769684894082,1.220387034686189e-10
29.791666666666668,232.943136600174,7764.842966001141,1.220387034686189e-10
29.833333333333332,232.81835118996537,7764.916248491414,1.220387034686189e-10
29.875,232.693566957443,7764.989532364941,1.220387034686189e-10
29.916666666666668,232.56878390260692,7765.06281762176,1.220387034686189e-10
29.958333333333332,232.44249018561467,7765.136992205358,1.2534491433990093e-10
30.0,232.31432902150323,7765.212265747459,1.2534491433990093e-10
30.041666666666668,232.18616909975094,7765.287540748947,1.2534491433990093e-10
30.083333333333332,232.05801042035966,7765.3628172098615,1.2534491433990093e-10
30.125,231.92985298332852,7765.4380951302455,1.2534491433990093e-10
30.166666666666668,231.80169678865747,7765.513374510141,1.2534491433990093e-10
30.208333333333332,231.6735418363465,7765.588655349592,1.2534491433990093e-10
30.25,231.54538812639564,7765.663937648639,1.2534491433990093e-10
30.291666666666668,231.41498934114819,7765.74054103653,1.2875423278301468e-10
30.333333333333332,231.28335250691046,7765.817874021565,1.2875423278301468e-10
30.375,231.1517169835372,7765.895208546813,1.2875423278301468e-10
30.416666666666668,231.02008277102468,7765.972544612322,1.2875423278301468e-10
30.458333333333332,230.88844986937474,7766.049882218136,1.2875423278301468e-10
30.5,230.75681827858836,7766.1272213643015,1.2875423278301468e-10
30.541666666666668,230.62518799866365,7766.204562050865,1.2875423278301468e-10
30.583333333333332,230.49338928280025,7766.282004018774,1.3227038261506814e-10
30.625,230.35816702445877,7766.361459991192,1.3227038261506814e-10
30.666666666666668,230.22294614955132,7766.440917589438,1.3227038261506814e-10
30.708333333333332,230.08772665808164,7766.520376813561,1.3227038261506814e-10
30.75,229.95250855004974,7766.599837663609,1.3227038261506814e-10
30.791666666666668,229.8172918254519,7766.679300139637,1.3227038261506814e-10
30.833333333333332,229.6820764842946,7766.758764241689,1.3227038261506814e-10
30.875,229.5468625265723,7766.83822996982,1.3227038261506814e-10
30.916666666666668,229.4092297676336,7766.91911974116,1.358972437276206e-10
30.958333333333332,229.27031112342422,7767.000767818221,1.358972437276206e-10
31.0,229.1313939395612,7767.082417611913,1.358972437276206e-10
31.041666666666668,228.99247821603996,7767.1640691222965,1.358972437276206e-10
31.083333333333332,228.8535639528679,7767.245722349418,1.358972437276206e-10
31.125,228.71465115003753,7767.32737729334,1.358972437276206e-10
31.166666666666668,228.57573980755265,7767.409033954111,1.358972437276206e-10
31.208333333333332,228.43509825792256,7767.491710311309,1.3963885969952084e-10
31.25,228.29236535364575,7767.575618773902,1.3963885969952084e-10
31.291666666666668,228.14963399123306,7767.65952904936,1.3963885969952084e-10
31.333333333333332,228.00690417068824,7767.743441137741,1.3963885969952084e-10
31.375,227.86417589201034,7767.827355039104,1.3963885969952084e-10
31.416666666666668,227.7214491551984,7767.911270753508,1.3963885969952084e-10
31.458333333333332,227.5787239602525,7767.995188281012,1.3963885969952084e-10
31.5,227.43423563637677,7768.0801452383275,1.4349944392478794e-10
31.541666666666668,227.28756773996818,7768.166386602374,1.4349944392478794e-10
31.583333333333332,227.1409014718607,7768.252629881347,1.4349944392478794e-10
31.625,226.99423683204876,7768.338875075314,1.4349944392478794e-10
31.666666666666668,226.8475738205416,7768.425122184335,1.4349944392478794e-10
31.708333333333332,226.70091243733373,7768.511371208475,1.4349944392478794e-10
31.75,226.5542526824288,7768.597622147796,1.4349944392478794e-10
31.791666666666668,226.4050384810744,7768.685378311348,1.4748339631186577e-10
31.833333333333332,226.2543104338823,7768.7740278204665,1.4748339631186577e-10
31.875,226.1035841066567,7768.86267935279,1.4748339631186577e-10
31.916666666666668,225.95285949939768,7768.95133290839,1.4748339631186577e-10
31.958333333333332,225.8021366121052,7769.039988487336,1.4748339631186577e-10
32.0,225.65141544477922,7769.128646089696,1.4748339631186577e-10
32.041666666666664,225.50069599741977,7769.2173057155405,1.4748339631186577e-10
32.083333333333336,225.3457995602591,7769.308425588166,1.5159530081222115e-10
32.125,225.19088159529306,7769.399561331598,1.5159530081222115e-10
32.166666666666664,225.0359654475376,7769.490699213144,1.5159530081222115e-10
32.208333333333336,224.8810511169955,7769.581839232874,1.5159530081222115e-10
32.25,224.7261386036668,7769.672981390864,1.5159530081222115e-10
32.291666666666664,224.5712279075496,7769.764125687192,1.5159530081222115e-10
32.333333333333336,224.4139816547036,7769.856647427907,1.5583994190854886e-10
32.375,224.2547372774733,7769.950348208745,1.5583994190854886e-10
32.416666666666664,224.0954948206432,7770.044051249584,1.5583994190854886e-10
32.458333333333336,223.93625428421421,7770.137756550506,1.5583994190854886e-10
32.5,223.7770156681845,7770.231464111594,1.5583994190854886e-10
32.541666666666664,223.61777897255402,7770.325173932927,1.5583994190854886e-10
32.583333333333336,223.45738742973003,7770.419566802277,1.602223130552449e-10
32.625,223.2936768337572,7770.515916532649,1.602223130552449e-10
32.666666666666664,223.12996826771646,7770.612268652432,1.602223130552449e-10
32.708333333333336,222.9662617315948,7770.708623161726,1.602223130552449e-10
32.75,222.8025572254006,7770.804980060614,1.602223130552449e-10
32.791666666666664,222.63885474913752,7770.901339349181,1.602223130552449e-10
32.833333333333336,222.47446077483892,7770.9981092778835,1.647476251915506e-10
32.875,222.30613890561088,7771.097195093858,1.647476251915506e-10
32.916666666666664,222.13781918259338,7771.196283436696,1.647476251915506e-10
32.958333333333336,221.96950160578453,7771.295374306495,1.647476251915506e-10
33.0,221.80118617518804,7771.39446770335,1.647476251915506e-10
33.041666666666664,221.6328728908021,7771.493563627358,1.647476251915506e-10
33.083333333333336,221.4635670101205,7771.593247775674,1.6942132697776028e-10
33.125,221.2904833287308,7771.695160188028,1.6942132697776028e-10
33.166666666666664,221.11740191705152,7771.797075273263,1.6942132697776028e-10
33.208333333333336,220.94432277508267,7771.898993031485,1.6942132697776028e-10
33.25,220.77124590282236,7772.0009134628,1.6942132697776028e-10
33.291666666666664,220.5981713002706,7772.102836567313,1.6942132697776028e-10
33.333333333333336,220.4229755607471,7772.206012886933,1.7424910494294252e-10
33.375,220.2449738081973,7772.310845932882,1.7424910494294252e-10
33.416666666666664,220.06697445655334,7772.415681806888,1.7424910494294252e-10
33.458333333333336,219.88897750581614,7772.520520509063,1.7424910494294252e-10
33.5,219.7109829559857,7772.625362039523,1.7424910494294252e-10
33.541666666666664,219.53299080706108,7772.730206398382,1.7424910494294252e-10
33.583333333333336,219.35085442740842,7772.83749626389,1.7923690336506882e-10
33.625,219.16777236924042,7772.945347671621,1.7923690336506882e-10
33.666666666666664,218.9846928513963,7773.053202072361,1.7923690336506882e-10
33.708333333333336,218.80161587387417,7773.161059466235,1.7923690336506882e-10
33.75,218.618541436675,7773.268919853369,1.7923690336506882e-10
33.791666666666664,218.43362704432477,7773.377868829065,1.8439093607873391e-10
33.833333333333336,218.24529351502284,7773.488837021481,1.8439093607873391e-10
33.875,218.0569626742415,7773.599808382176,1.8439093607873391e-10
33.916666666666664,217.86863452197983,7773.710782911286,1.8439093607873391e-10
33.958333333333336,217.6803090582378,7773.8217606089465,1.8439093607873391e-10
34.0,217.49175960340352,7773.932875063167,1.8971770090222152e-10
34.041666666666664,217.29799928805605,7774.047065304057,1.8971770090222152e-10
34.083333333333336,217.10424181880802,7774.161258899643,1.8971770090222152e-10
34.125,216.91048719565663,7774.275455850079,1.8971770090222152e-10
34.166666666666664,216.71673541860375,7774.389656155508,1.8971770090222152e-10
34.208333333333336,216.52298648764844,7774.503859816081,1.8971770090222152e-10
34.25,216.32428889143748,7774.620985652808,1.9522399238733167e-10
34.291666666666664,216.12492264280655,7774.738510959159,1.9522399238733167e-10
34.333333333333336,215.92555940787682,7774.8560398187155,1.9522399238733167e-10
34.375,215.72619918665197,7774.973572231635,1.9522399238733167e-10
34.416666666666664,215.52684197913297,7775.09110819808,1.9522399238733167e-10
34.458333333333336,215.32246571080947,7775.211608809421,2.0091693010519756e-10
34.5,215.1173013630584,7775.3325797090765,2.0091693010519756e-10
34.541666666666664,214.91214020734,7775.45355437305,2.0091693010519756e-10
34.583333333333336,214.70698224365154,7775.574532801518,2.0091693010519756e-10
34.625,214.5018274719948,7775.695514994657,2.0091693010519756e-10
34.666666666666664,214.29073162219765,7775.820006606821,2.0680395915335258e-10
34.708333333333336,214.07957236361784,7775.9445415960145,2.0680395915335258e-10
34.75,213.86841648687235,7776.069080574292,2.0680395915335258e-10
34.791666666666664,213.65726399195938,7776.193623541848,2.0680395915335258e-10
34.833333333333336,213.4445434090048,7776.31909745767,2.1289287887404807e-10
34.875,213.22718100044597,7776.4473156434315,2.1289287887404807e-10
34.916666666666664,213.00982217579335,7776.575538057457,2.1289287887404807e-10
34.958333333333336,212.79246693504416,7776.70376469996,2.1289287887404807e-10
35.0,212.57511527819744,7776.831995571148,2.1289287887404807e-10
35.041666666666664,212.35356935736257,7776.96270745885,2.1919186014478683e-10
35.083333333333336,212.1297943004677,7777.094741225756,2.1919186014478683e-10
35.125,211.90602304269188,7777.226779475956,2.1919186014478683e-10
35.166666666666664,211.68225558403506,7777.358822209682,2.1919186014478683e-10
35.208333333333336,211.45727211843058,7777.491589276496,2.257094633487972e-10
35.25,211.22685890604276,7777.627567588995,2.257094633487972e-10
35.291666666666664,210.99644972206093,7777.76355065635,2.257094633487972e-10
35.333333333333336,210.76604456649162,7777.89953847881,2.257094633487972e-10
35.375,210.53564343933203,7778.035531056625,2.257094633487972e-10
35.416666666666664,210.2994321399173,7778.174960451699,2.324546749215316e-10
35.458333333333336,210.0621540573491,7778.315027090557,2.324546749215316e-10
35.5,209.82488024753985,7778.455098774061,2.324546749215316e-10
35.541666666666664,209.58761071050074,7778.595175502477,2.324546749215316e-10
35.583333333333336,209.34585168637057,7778.737910471774,2.394369122101125e-10
35.625,209.1014642396411,7778.8822052529085,2.394369122101125e-10
35.666666666666664,208.85708132623137,7779.026505387449,2.394369122101125e-10
35.708333333333336,208.61270294614044,7779.170810875695,2.394369122101125e-10
35.75,208.36437359845638,7779.317457638159,2.466660606228393e-10
35.791666666666664,208.11262636200897,7779.466131243671,2.466660606228393e-10
35.833333333333336,207.8608839367563,7779.614810532011,2.466660606228393e-10
35.875,207.60914632269834,7779.7634955035055,2.466660606228393e-10
35.916666666666664,207.35310532879083,7779.914730945731,2.541524982815794e-10
35.958333333333336,207.09373742719552,7780.067940481599,2.541524982815794e-10
36.0,206.83437463327124,7780.2211560518845,2.541524982815794e-10
36.041666666666664,206.57501694701799,7780.374377656943,2.541524982815794e-10
36.083333333333336,206.31005917983595,7780.53091698868,2.6190712183417056e-10
36.125,206.04279877178465,7780.688826313002,2.6190712183417056e-10
36.166666666666664,205.77554378784728,7780.846742047134,2.6190712183417056e-10
36.208333333333336,205.50829422802386,7781.004664191466,2.6190712183417056e-10
36.25,205.23312544996105,7781.16727597936,2.6994139469615486e-10
36.291666666666664,204.9576891647363,7781.330056061744,2.6994139469615486e-10
36.333333333333336,204.68225864150935,7781.492842954906,2.6994139469615486e-10
36.375,204.40397861599828,7781.657324357163,2.7826735863581455e-10
36.416666666666664,204.12006485671736,7781.825146408124,2.7826735863581455e-10
36.458333333333336,203.8361572203571,7781.9929756978645,2.7826735863581455e-10
36.5,203.55225570691937,7782.160812226852,2.7826735863581455e-10
36.541666666666664,203.26119420519098,7782.33289286254,2.8689768336152647e-10
36.583333333333336,202.9685005091112,7782.505949991944,2.8689768336152647e-10
36.625,202.6758133216407,7782.679014818124,2.8689768336152647e-10
36.666666666666664,202.3795066865189,7782.854231571257,2.9584570214590177e-10
36.708333333333336,202.07770452282298,7783.032710193914,2.9584570214590177e-10
36.75,201.77590928005893,7783.211197002605,2.9584570214590177e-10
36.791666666666664,201.47333212154453,7783.390158577433,3.051254496005209e-10
36.833333333333336,201.16208491932693,7783.574260996932,3.051254496005209e-10
36.875,200.8508450790355,7783.758372125871,3.051254496005209e-10
36.916666666666664,200.53961260064133,7783.942491964885,3.051254496005209e-10
36.958333333333336,200.2198234879831,7784.131687373278,3.1475172706098637e-10
37.0,199.8987875807807,7784.321634294305,3.1475172706098637e-10
37.041666666666664,199.57775950733944,7784.511590485658,3.1475172706098637e-10
37.083333333333336,199.2490718238922,7784.706093369368,3.24701778232491e-10
37.125,198.91791177226136,7784.902074036728,3.24701778232491e-10
37.166666666666664,198.58676005749683,7785.098064572004,3.24701778232491e-10
37.208333333333336,198.247870614985,7785.298649970153,3.350201676563073e-10
37.25,197.90621308551914,7785.500889468042,3.350201676563073e-10
37.291666666666664,197.5645644312091,7785.703139473398,3.350201676563073e-10
37.333333333333336,197.2141015345333,7785.910623733592,3.457240139871926e-10
37.375,196.86155595456435,7786.1193577401045,3.457240139871926e-10
37.416666666666664,196.5090198259335,7786.328102938898,3.457240139871926e-10
37.458333333333336,196.14548196772208,7786.543380113212,3.5683140091164137e-10
37.5,195.78163956416677,7786.758855510394,3.5683140091164137e-10
37.541666666666664,195.41516210193467,7786.97590953095,3.6836146786012816e-10
37.583333333333336,195.03958411982563,7787.198372360445,3.6836146786012816e-10
37.625,194.6640168672921,7787.420847901199,3.6836146786012816e-10
37.666666666666664,194.28161104785931,7787.647394010873,3.8033444852298164e-10
37.708333333333336,193.89385914077332,7787.877127456616,3.8033444852298164e-10
37.75,193.50611867209244,7788.106874456906,3.8033444852298164e-10
37.791666666666664,193.10592202050145,7788.344023416242,3.927717676915745e-10
37.833333333333336,192.70552624568995,7788.581312053379,3.927717676915745e-10
37.875,192.29873834085186,7788.822411103916,4.056961198104348e-10
37.916666666666664,191.88519295069483,7789.067538199646,4.056961198104348e-10
37.958333333333336,191.47074759301356,7789.313221967646,4.191315560496344e-10
38.0,191.04353396560066,7789.566499118317,4.191315560496344e-10
38.041666666666664,190.616334229229,7789.819792740634,4.191315560496344e-10
38.083333333333336,190.1788241555309,7790.0792251409375,4.3310361192309973e-10
38.125,189.73741269835736,7790.340997232833,4.3310361192309973e-10
38.166666666666664,189.2891852477463,7790.606838447369,4.476393746584497e-10
38.208333333333336,188.8329903557319,7790.877433054146,4.476393746584497e-10
38.25,188.37265739593096,7791.150510762327,4.627676238909799e-10
38.291666666666664,187.9010783017399,7791.430289655551,4.627676238909799e-10
38.333333333333336,187.42715316870715,7791.7114907768455,4.785189527109495e-10
38.375,186.93955823338405,7792.000834586222,4.785189527109495e-10
38.416666666666664,186.45035612004156,7792.291164507585,4.949259075761901e-10
38.458333333333336,185.94608087913133,7792.590473945787,4.949259075761901e-10
38.5,185.43984115098604,7792.890984087965,5.120231664177043e-10
38.541666666666664,184.91818617856876,7793.200681282344,5.120231664177043e-10
38.583333333333336,184.39297063503042,7793.51252962878,5.298476622937747e-10
38.625,183.85319928967115,7793.833059537449,5.298476622937747e-10
38.666666666666664,183.30692700082994,7794.157490139903,5.484387911754208e-10
38.708333333333336,182.74826296333597,7794.48932209767,5.484387911754208e-10
38.75,182.1786447987659,7794.827704164144,5.678386051322881e-10
38.791666666666664,181.60026942125802,7795.171333555051,5.678386051322881e-10
38.833333333333336,181.0049015334267,7795.525106156085,5.880920471974873e-10
38.875,180.40259946658463,7795.883048120163,6.092471905395524e-10
38.916666666666664,179.78213214225136,7796.251837075179,6.092471905395524e-10
38.958333333333336,179.14942414821311,7796.627955453889,6.31355482377015e-10
39.0,178.5065033841124,7797.010200662605,6.31355482377015e-10
39.041666666666664,177.84032432725652,7797.406333283307,6.544720526089721e-10
39.083333333333336,177.16189232762437,7797.809813978386,6.786560424216751e-10
39.125,176.46983663976937,7798.221461566968,7.039709840073565e-10
39.166666666666664,175.7531187000703,7798.647847447949,7.039709840073565e-10
39.208333333333336,175.0189851007024,7799.084666675975,7.30485148862412e-10
39.25,174.26682302630692,7799.532289222006,7.582720129523736e-10
39.291666666666664,173.49477093601413,7799.991828770984,7.874107401096189e-10
39.333333333333336,172.6932869345974,7800.468972673541,7.874107401096189e-10
39.375,171.86825291002262,7800.96022797921,8.179867697611812e-10
39.416666666666664,171.01754393489287,7801.466868289904,8.500923501364492e-10
39.458333333333336,170.13863447734062,7801.99040710624,8.838272473217778e-10
39.5,169.2287968885461,7802.532479885544,9.192994865698179e-10
39.541666666666664,168.28499971465766,7803.094904879381,9.566262495003224e-10
39.583333333333336,167.30393742078078,7803.679665740203,9.95934750041802e-10
39.625,166.2820027981568,7804.288928314143,1.0373633144782461e-09
39.666666666666664,165.21518198505603,7804.925103649041,1.0810625639095333e-09
39.708333333333336,164.09910761804505,7805.590816810756,1.127196830190178e-09
39.75,162.92894131710474,7806.28897755022,1.1759455789223233e-09
39.791666666666664,161.69934492520522,7807.0227981784665,1.2275051498852299e-09
39.833333333333336,160.39981617392507,7807.7985792762465,1.3409665391101008e-09
39.875,159.01477656806446,7808.625662530183,1.4031592162896323e-09
39.916666666666664,157.54523264977428,7809.503495400066,1.4692365318211074e-09
39.958333333333336,155.95718196693062,7810.452451258671,1.6143709257742644e-09
40.0,154.24554208134768,7811.475646566073,1.7793893234324925e-09
40.041666666666664,152.37660705148522,7812.59333018063,1.968011822465708e-09
40.083333333333336,150.30718025314061,7813.831474256992,2.1848579752919604e-09
40.125,147.9816113425363,7815.223571617333,2.435710771842573e-09
40.166666666666664,145.3170056442693,7816.819533139952,2.892251353150163e-09
40.208333333333336,142.1485683492152,7818.71853696471,3.4759404973837713e-09
40.25,138.18099711773917,7821.098454751085,4.540886915781992e-09
40.291666666666664,132.6456929338267,7824.422399311445,6.623400190457965e-09
40.333333333333336,121.75469703744258,7830.97482279311,1.9152150448785587e-08
40.33664351851852,119.99875086866878,7832.032806339982,2.424332147995133e-08
