month_start,calendar_year,density_280_kg_m3,temperature_280_K,f107_sfu,ap_nt
2000-01-01,2000.000000,3.7382503258837566e-11,981.0809894028744,nan,nan
2000-02-01,2000.084873,4.293063953698787e-11,1039.4624693857536,nan,nan
2000-03-01,2000.164271,5.001902322431743e-11,1074.4684974151803,nan,nan
2000-04-01,2000.249144,5.408719922703971e-11,1111.2732423640682,nan,nan
2000-05-01,2000.331280,4.70241039294559e-11,1091.3822864860344,nan,nan
2000-06-01,2000.416153,4.1866322865487466e-11,1123.5725658686565,nan,nan
2000-07-01,2000.498289,4.674087258837099e-11,1158.346240818703,nan,nan
2000-08-01,2000.583162,4.0807153270931265e-11,1047.8006771582648,nan,nan
2000-09-01,2000.668036,4.500503419799845e-11,1036.6088348045039,nan,nan
2000-10-01,2000.750171,4.594903668424158e-11,1021.0563939322428,nan,nan
2000-11-01,2000.835044,5.0139618584944544e-11,1049.7865517511566,nan,nan
2000-12-01,2000.917180,4.289594137676722e-11,1007.3581321649378,nan,nan
2001-01-01,2001.002053,4.0987910274407055e-11,985.4939499652068,nan,nan
2001-02-01,2001.086927,3.8881871713390274e-11,957.2364173003086,nan,nan
2001-03-01,2001.163587,4.427704061365447e-11,1009.3029782681842,nan,nan
2001-04-01,2001.248460,4.89729663264029e-11,1063.5826883009677,nan,nan
2001-05-01,2001.330595,3.999275728897805e-11,1008.0878135228058,nan,nan
2001-06-01,2001.415469,3.69639725693796e-11,1010.3323964576151,nan,nan
2001-07-01,2001.497604,2.937553551492941e-11,945.4280987777742,nan,nan
2001-08-01,2001.582478,3.5270163642961075e-11,1040.8448729214804,nan,nan
2001-09-01,2001.667351,4.3658212469617294e-11,1121.4274237667548,nan,nan
2001-10-01,2001.749487,5.860558440483461e-11,1225.2851430699043,nan,nan
2001-11-01,2001.834360,5.706776497857246e-11,1162.8943798516837,nan,nan
2001-12-01,2001.916496,4.9583933911481465e-11,1153.893158859062,nan,nan
2002-01-01,2002.001369,5.0694481958683495e-11,1166.4405503815726,nan,nan
2002-02-01,2002.086242,5.450080935646692e-11,1121.965755477341,nan,nan
2002-03-01,2002.162902,5.537241340955045e-11,1092.5537521395506,nan,nan
2002-04-01,2002.247775,5.575163178697123e-11,1103.6154039233916,nan,nan
2002-05-01,2002.329911,4.3271037754511736e-11,1031.0035543553226,nan,nan
2002-06-01,2002.414784,3.4767539465819157e-11,1001.7870891236784,nan,nan
2002-07-01,2002.496920,3.003852541397587e-11,1004.6457869665355,nan,nan
2002-08-01,2002.581793,3.30278935162317e-11,1063.341151095454,nan,nan
2002-09-01,2002.666667,4.150538926079398e-11,1063.0861699180332,nan,nan
2002-10-01,2002.748802,4.5226111894662723e-11,1036.2520716676556,nan,nan
2002-11-01,2002.833676,4.6192811984406837e-11,1038.1039751226388,nan,nan
2002-12-01,2002.915811,3.933579202513412e-11,992.3208125469031,nan,nan
2003-01-01,2003.000684,3.431563297841099e-11,943.0415269912652,nan,nan
2003-02-01,2003.085558,2.969103135010833e-11,888.308091195588,nan,nan
2003-03-01,2003.162218,3.46113662886047e-11,926.2597959961531,nan,nan
2003-04-01,2003.247091,3.467018656899833e-11,931.0095793350001,nan,nan
2003-05-01,2003.329227,3.156846759470001e-11,936.3799616157083,nan,nan
2003-06-01,2003.414100,2.8394454657391963e-11,945.370768992042,nan,nan
2003-07-01,2003.496235,2.5249040104265317e-11,930.7238860492786,nan,nan
2003-08-01,2003.581109,2.6492357604540037e-11,917.108204776899,nan,nan
2003-09-01,2003.665982,2.6620838329918587e-11,881.1257755283563,nan,nan
2003-10-01,2003.748118,2.9407225764077723e-11,899.6193887526902,nan,nan
2003-11-01,2003.832991,3.9635376981174415e-11,1015.9632439900255,nan,nan
2003-12-01,2003.915127,2.923965984754657e-11,918.0300161568506,nan,nan
2004-01-01,2004.000000,2.4185209733753615e-11,855.5048115781268,nan,nan
2004-02-01,2004.084873,2.3246130587503763e-11,833.3373899741285,nan,nan
2004-03-01,2004.164271,2.653895961257379e-11,844.7671740646198,nan,nan
2004-04-01,2004.249144,2.7402797511109068e-11,851.9900087847333,nan,nan
2004-05-01,2004.331280,2.0429572379758434e-11,801.5643798866072,nan,nan
2004-06-01,2004.416153,1.6910126684400387e-11,797.6592740678965,nan,nan
2004-07-01,2004.498289,1.997044216133413e-11,874.688975661752,nan,nan
2004-08-01,2004.583162,1.7385940151623967e-11,824.6363202056531,nan,nan
2004-09-01,2004.668036,1.980227370428515e-11,811.2743092980421,nan,nan
2004-10-01,2004.750171,2.2068701693895486e-11,806.2292442120037,nan,nan
2004-11-01,2004.835044,2.6953980820281634e-11,859.2972120513144,nan,nan
2004-12-01,2004.917180,1.7241047329242115e-11,758.9064693653025,nan,nan
2005-01-01,2005.002053,2.374319480778648e-11,843.9599015515015,nan,nan
2005-02-01,2005.086927,1.9376530082993967e-11,782.3953010669402,nan,nan
2005-03-01,2005.163587,1.901839009087558e-11,756.2200194414518,nan,nan
2005-04-01,2005.248460,1.9834862234654263e-11,768.1559456192566,nan,nan
2005-05-01,2005.330595,2.4331065875157872e-11,849.1527423680958,nan,nan
2005-06-01,2005.415469,1.9046755452313628e-11,821.6637346599551,nan,nan
2005-07-01,2005.497604,1.6966638808512156e-11,816.6222342713371,nan,nan
2005-08-01,2005.582478,1.6477287498729356e-11,794.1153244554536,nan,nan
2005-09-01,2005.667351,2.1704714765471356e-11,827.6089276198946,nan,nan
2005-10-01,2005.749487,1.484470821425724e-11,712.1375029451358,nan,nan
2005-11-01,2005.834360,1.733340942519137e-11,746.0898319696151,nan,nan
2005-12-01,2005.916496,1.581306112578477e-11,743.1687676630228,nan,nan
2006-01-01,2006.001369,1.4575749601925827e-11,732.2152342555413,nan,nan
2006-02-01,2006.086242,1.2770720455519357e-11,697.1737285689387,nan,nan
2006-03-01,2006.162902,1.3354103159546113e-11,693.0437365882422,nan,nan
2006-04-01,2006.247775,1.7226455263878002e-11,742.5057680568924,nan,nan
2006-05-01,2006.329911,1.567325658831535e-11,742.7875969438431,nan,nan
2006-06-01,2006.414784,1.260728713324878e-11,729.960544042992,nan,nan
2006-07-01,2006.496920,1.0727829462261696e-11,719.1075875134392,nan,nan
2006-08-01,2006.581793,1.1109012784174062e-11,718.1199084131777,nan,nan
2006-09-01,2006.666667,1.2499484189963619e-11,714.351745574223,nan,nan
2006-10-01,2006.748802,1.3349434541062353e-11,703.1670359285939,nan,nan
2006-11-01,2006.833676,1.4895816476292287e-11,728.0358070675688,nan,nan
2006-12-01,2006.915811,1.4493630440899682e-11,739.1305646723922,nan,nan
2007-01-01,2007.000684,1.2275050785593942e-11,714.5227796237522,nan,nan
2007-02-01,2007.085558,1.2747350817648146e-11,715.1264531048686,nan,nan
2007-03-01,2007.162218,1.1426761938089602e-11,677.2993208639344,nan,nan
2007-04-01,2007.247091,1.3285601168669506e-11,700.8135482347257,nan,nan
2007-05-01,2007.329227,1.2453392984547409e-11,706.7655145412494,nan,nan
2007-06-01,2007.414100,1.0209039477295353e-11,699.0384873094149,nan,nan
2007-07-01,2007.496235,8.54751331571326e-12,684.2020691149486,nan,nan
2007-08-01,2007.581109,9.645415086981074e-12,699.4386931139294,nan,nan
2007-09-01,2007.665982,9.810139953675603e-12,674.2904016467371,nan,nan
2007-10-01,2007.748118,1.14484055708233e-11,678.3078437393544,nan,nan
2007-11-01,2007.832991,1.1839691059680986e-11,688.494970373505,nan,nan
2007-12-01,2007.915127,9.349315188972577e-12,663.4735174389965,nan,nan
2008-01-01,2008.000000,1.0343727468725514e-11,692.9146466451369,nan,nan
2008-02-01,2008.084873,1.0072095425025934e-11,681.1884475246184,nan,nan
2008-03-01,2008.164271,1.1617514911089264e-11,690.4745148557118,nan,nan
2008-04-01,2008.249144,1.2288216828148646e-11,694.227309458697,nan,nan
2008-05-01,2008.331280,1.0258439592625718e-11,676.289470934672,nan,nan
2008-06-01,2008.416153,8.854610881060525e-12,678.2491425212532,nan,nan
2008-07-01,2008.498289,7.1067396124263606e-12,659.4561126225517,nan,nan
2008-08-01,2008.583162,7.174017390548801e-12,652.7642156354274,nan,nan
2008-09-01,2008.668036,8.50930450785399e-12,654.2721047307106,nan,nan
2008-10-01,2008.750171,1.0149866693239753e-11,661.8978381913554,nan,nan
2008-11-01,2008.835044,8.818676373763343e-12,639.3135447684109,nan,nan
2008-12-01,2008.917180,8.679428556143783e-12,651.3574935465355,nan,nan
2009-01-01,2009.002053,7.950411616048886e-12,647.4604745299443,nan,nan
2009-02-01,2009.086927,8.027263334388282e-12,643.9154135671579,nan,nan
2009-03-01,2009.163587,9.965045527785359e-12,665.2255540010368,nan,nan
2009-04-01,2009.248460,9.934697543313774e-12,657.5121335863995,nan,nan
2009-05-01,2009.330595,9.63561082500535e-12,665.3333137541808,nan,nan
2009-06-01,2009.415469,8.262709026868535e-12,666.0376038218755,nan,nan
2009-07-01,2009.497604,6.969991692316457e-12,654.6660586144803,nan,nan
2009-08-01,2009.582478,8.257178412990602e-12,673.5241320253132,nan,nan
2009-09-01,2009.667351,8.872933762952341e-12,659.9487300488021,nan,nan
2009-10-01,2009.749487,1.0505104976618849e-11,666.484536546364,nan,nan
2009-11-01,2009.834360,1.038666470651733e-11,662.2759675995079,nan,nan
2009-12-01,2009.916496,9.7858598343427e-12,665.0036025527598,nan,nan
2010-01-01,2010.001369,8.995261161987585e-12,659.0186951604877,nan,nan
2010-02-01,2010.086242,1.2301611092731208e-11,708.8055841101963,nan,nan
2010-03-01,2010.162902,1.3454827944991713e-11,706.4306956310837,nan,nan
2010-04-01,2010.247775,1.5372731619422622e-11,725.9050552129662,nan,nan
2010-05-01,2010.329911,1.3780621238754764e-11,717.9658951477209,nan,nan
2010-06-01,2010.414784,1.1372420073105683e-11,713.7595571639989,nan,nan
2010-07-01,2010.496920,1.0822871634901654e-11,720.7418264181152,nan,nan
2010-08-01,2010.581793,1.1961260578737056e-11,727.3964794415754,nan,nan
2010-09-01,2010.666667,1.504604607945351e-11,740.4001566858524,nan,nan
2010-10-01,2010.748802,1.4370546202417828e-11,709.6303929219503,nan,nan
2010-11-01,2010.833676,1.555025283566675e-11,728.804482694837,nan,nan
2010-12-01,2010.915811,1.4198233495291357e-11,724.9324851556593,nan,nan
2011-01-01,2011.000684,1.246379478433898e-11,712.4535571465561,nan,nan
2011-02-01,2011.085558,1.5946467090695533e-11,763.5128139624247,nan,nan
2011-03-01,2011.162218,2.2431157749436026e-11,820.2376563631738,nan,nan
2011-04-01,2011.247091,2.6173104791790075e-11,844.6163752564626,nan,nan
2011-05-01,2011.329227,2.1291186911288568e-11,803.4524838379674,nan,nan
2011-06-01,2011.414100,1.871047658866309e-11,810.6010390429838,nan,nan
2011-07-01,2011.496235,1.5803153414013565e-11,792.3202654822898,nan,nan
2011-08-01,2011.581109,1.8231815830561286e-11,816.301286309138,nan,nan
2011-09-01,2011.665982,2.794933851423373e-11,900.3836859156723,nan,nan
2011-10-01,2011.748118,3.061818220504656e-11,895.9316305978555,nan,nan
2011-11-01,2011.832991,3.4866152725300395e-11,927.5964953938297,nan,nan
2011-12-01,2011.915127,3.0138057184004817e-11,897.911016637055,nan,nan
2012-01-01,2012.000000,2.6600790841921538e-11,874.0534626468192,nan,nan
2012-02-01,2012.084873,2.108413539423163e-11,804.992377967138,nan,nan
2012-03-01,2012.164271,2.8054892456046814e-11,859.0158291432386,nan,nan
2012-04-01,2012.249144,2.529468641760591e-11,829.682269056207,nan,nan
2012-05-01,2012.331280,2.622382388195508e-11,866.820095666655,nan,nan
2012-06-01,2012.416153,2.394711268054808e-11,890.8753613299901,nan,nan
2012-07-01,2012.498289,2.496231446563126e-11,934.32842447895,nan,nan
2012-08-01,2012.583162,2.0711327615809647e-11,848.3625004822205,nan,nan
2012-09-01,2012.668036,2.6656079092151206e-11,873.2107767654549,nan,nan
2012-10-01,2012.750171,3.1856363579287043e-11,900.0639339291464,nan,nan
2012-11-01,2012.835044,2.6900229082258167e-11,848.9254879953537,nan,nan
2012-12-01,2012.917180,2.0290161858925563e-11,790.5736118029217,nan,nan
2013-01-01,2013.002053,2.424609241774203e-11,844.8396539068943,nan,nan
2013-02-01,2013.086927,2.0449083969856694e-11,786.1494584420726,nan,nan
2013-03-01,2013.163587,3.0126445043244543e-11,870.507818122061,nan,nan
2013-04-01,2013.248460,2.8515643727612486e-11,854.0102660105007,nan,nan
2013-05-01,2013.330595,3.4488672357052593e-11,940.1224202614466,nan,nan
2013-06-01,2013.415469,2.3842325022152872e-11,858.9304801022842,nan,nan
2013-07-01,2013.497604,2.290314913689333e-11,866.6507141049209,nan,nan
2013-08-01,2013.582478,2.3724632366974063e-11,853.7886839608155,nan,nan
2013-09-01,2013.667351,2.3095088443443795e-11,815.8440104103139,nan,nan
2013-10-01,2013.749487,2.776525177572285e-11,856.0384408390523,nan,nan
2013-11-01,2013.834360,3.154253465175416e-11,903.2448162605169,nan,nan
2013-12-01,2013.916496,2.970107252556081e-11,910.4091391046619,nan,nan
2014-01-01,2014.001369,3.1147485209005806e-11,947.2352440979063,nan,nan
2014-02-01,2014.086242,3.4538789409979246e-11,958.8772204181365,nan,nan
2014-03-01,2014.162902,3.8148253828882335e-11,952.7505117739494,nan,nan
2014-04-01,2014.247775,3.966457532821228e-11,955.3885946717404,nan,nan
2014-05-01,2014.329911,2.974785206524693e-11,894.2441561020054,nan,nan
2014-06-01,2014.414784,2.352463203411536e-11,870.2371384818471,nan,nan
2014-07-01,2014.496920,2.3023720947963164e-11,886.8630354832048,nan,nan
2014-08-01,2014.581793,2.3889016288942167e-11,884.146787713512,nan,nan
2014-09-01,2014.666667,3.036616075400555e-11,925.7882933742154,nan,nan
2014-10-01,2014.748802,3.5468406128059494e-11,954.0121044752062,nan,nan
2014-11-01,2014.833676,3.6504133866957826e-11,968.9283380401074,nan,nan
2014-12-01,2014.915811,3.634115395327253e-11,981.8000396331654,nan,nan
2015-01-01,2015.000684,3.0224633350941746e-11,913.5511540347584,nan,nan
2015-02-01,2015.085558,3.14352394134163e-11,899.9189296292274,nan,nan
2015-03-01,2015.162218,3.57527919333415e-11,920.8463169915045,nan,nan
2015-04-01,2015.247091,3.550415680019468e-11,923.2345751618559,nan,nan
2015-05-01,2015.329227,2.858825043704204e-11,881.4509164367154,nan,nan
2015-06-01,2015.414100,2.4765412769385732e-11,878.5629027803215,nan,nan
2015-07-01,2015.496235,1.918987720008404e-11,828.6778940828518,nan,nan
2015-08-01,2015.581109,1.882947826897805e-11,812.8641685130259,nan,nan
2015-09-01,2015.665982,2.016826744979927e-11,803.6061230592122,nan,nan
2015-10-01,2015.748118,2.5077156546600363e-11,835.7243965187853,nan,nan
2015-11-01,2015.832991,2.380930233588421e-11,818.2763115279946,nan,nan
2015-12-01,2015.915127,2.3206081359446808e-11,826.9007171034023,nan,nan
2016-01-01,2016.000000,1.933225149325424e-11,786.491111244186,nan,nan
2016-02-01,2016.084873,2.0346131486357642e-11,784.9466146837634,nan,nan
2016-03-01,2016.164271,2.3589489273375604e-11,808.547371422235,nan,nan
2016-04-01,2016.249144,1.6439371606570835e-11,731.6781015397955,nan,nan
2016-05-01,2016.331280,1.7487850234846394e-11,771.1747596418274,nan,nan
2016-06-01,2016.416153,1.3059575110440712e-11,741.870161311635,nan,nan
2016-07-01,2016.498289,1.2804535554711562e-11,757.3822322259412,nan,nan
2016-08-01,2016.583162,1.3081432145390448e-11,754.4745699460365,nan,nan
2016-09-01,2016.668036,1.541189601411941e-11,759.5067721609765,nan,nan
2016-10-01,2016.750171,1.682849632082679e-11,754.6603381399613,nan,nan
2016-11-01,2016.835044,1.43207735584452e-11,718.5533497410446,nan,nan
2016-12-01,2016.917180,1.3333328489452288e-11,718.11735043328,nan,nan
2017-01-01,2017.002053,1.183141135436087e-11,707.0422857269672,nan,nan
2017-02-01,2017.086927,1.2299519876197962e-11,709.9560055746849,nan,nan
2017-03-01,2017.163587,1.3819106074959708e-11,718.278173977346,nan,nan
2017-04-01,2017.248460,1.4479735251280468e-11,721.6723060920216,nan,nan
2017-05-01,2017.330595,1.2486538089020693e-11,707.6256804097678,nan,nan
2017-06-01,2017.415469,1.0065021848642168e-11,699.2588851940945,nan,nan
2017-07-01,2017.497604,9.38262688008269e-12,704.9111535563334,nan,nan
2017-08-01,2017.582478,1.1514432421585188e-11,744.4579087821409,nan,nan
2017-09-01,2017.667351,1.4136381706301957e-11,755.4749436867238,nan,nan
2017-10-01,2017.749487,1.255388706874243e-11,699.1912348906031,nan,nan
2017-11-01,2017.834360,1.1342531909763227e-11,674.6157725093248,nan,nan
2017-12-01,2017.916496,1.0796105025767803e-11,680.5457909788871,nan,nan
2018-01-01,2018.001369,8.833159225551953e-12,659.7762023776091,nan,nan
2018-02-01,2018.086242,8.283049568845803e-12,645.1263535300404,nan,nan
2018-03-01,2018.162902,1.0407752940563486e-11,668.8741891999551,nan,nan
2018-04-01,2018.247775,1.229985187766059e-11,690.8223069727654,nan,nan
2018-05-01,2018.329911,1.1590189237051856e-11,694.8592886021396,nan,nan
2018-06-01,2018.414784,8.89439101160285e-12,679.4646520641852,nan,nan
2018-07-01,2018.496920,7.889303309393313e-12,674.1446391014736,nan,nan
2018-08-01,2018.581793,8.072300668750738e-12,669.4653365275389,nan,nan
2018-09-01,2018.666667,9.570925793031582e-12,672.5665303590598,nan,nan
2018-10-01,2018.748802,1.0690820614970319e-11,668.2294031849632,nan,nan
2018-11-01,2018.833676,9.322862183934695e-12,644.1444460802226,nan,nan
2018-12-01,2018.915811,9.643206428590063e-12,662.4671461748338,nan,nan
2019-01-01,2019.000684,8.739661714006863e-12,657.9437311314085,nan,nan
2019-02-01,2019.085558,8.886117458527725e-12,656.401735943602,nan,nan
2019-03-01,2019.162218,1.0125146669097508e-11,664.9736355596496,nan,nan
2019-04-01,2019.247091,1.1910125320502641e-11,686.5134379944444,nan,nan
2019-05-01,2019.329227,1.0284043789459605e-11,675.5446807816351,nan,nan
2019-06-01,2019.414100,8.353104424201128e-12,668.4933920860291,nan,nan
2019-07-01,2019.496235,7.705574330615536e-12,671.2979265015223,nan,nan
2019-08-01,2019.581109,7.382538944707637e-12,656.5500687955963,nan,nan
2019-09-01,2019.665982,9.961370807822297e-12,681.281948065939,nan,nan
2019-10-01,2019.748118,1.0005129761505154e-11,658.5336881603143,nan,nan
2019-11-01,2019.832991,1.0693150913620487e-11,667.736328657487,nan,nan
2019-12-01,2019.915127,9.109860171410576e-12,654.1378531426564,nan,nan
2020-01-01,2020.000000,9.284611455786064e-12,668.4959341900684,nan,nan
2020-02-01,2020.084873,8.582449382342644e-12,651.603603390526,nan,nan
2020-03-01,2020.164271,1.0510882398640508e-11,670.6714068650821,nan,nan
2020-04-01,2020.249144,9.951500878931255e-12,654.9856952941362,nan,nan
2020-05-01,2020.331280,9.944187345679578e-12,670.3039237714127,nan,nan
2020-06-01,2020.416153,8.408451582497178e-12,668.8045506550111,nan,nan
2020-07-01,2020.498289,7.220309295669671e-12,658.5072161670118,nan,nan
2020-08-01,2020.583162,8.56555382494587e-12,680.1041089292462,nan,nan
2020-09-01,2020.668036,9.9137873825283e-12,678.3283667063871,nan,nan
2020-10-01,2020.750171,1.160165727515717e-11,685.5093384765408,nan,nan
2020-11-01,2020.835044,1.2867513686071963e-11,701.0226783130533,nan,nan
2020-12-01,2020.917180,1.280335913380422e-11,712.4069928609076,nan,nan
2021-01-01,2021.002053,9.297331200922153e-12,660.624002861047,nan,nan
2021-02-01,2021.086927,1.0482582849818452e-11,677.3481554999129,nan,nan
2021-03-01,2021.163587,1.2023461382741502e-11,688.1322433506657,nan,nan
2021-04-01,2021.248460,1.2523297256421444e-11,690.6776472294246,nan,nan
2021-05-01,2021.330595,1.0878977751588132e-11,681.2238713483155,nan,nan
2021-06-01,2021.415469,1.0555552598962105e-11,702.763308731804,nan,nan
2021-07-01,2021.497604,1.0716690881046039e-11,719.9863235613343,nan,nan
2021-08-01,2021.582478,1.2478061770005729e-11,738.1286119186026,nan,nan
2021-09-01,2021.667351,1.2783425535867658e-11,717.3613328735047,nan,nan
2021-10-01,2021.749487,1.5981453522133956e-11,738.8649869120221,nan,nan
2021-11-01,2021.834360,1.8149981238132204e-11,761.7007464547487,nan,nan
2021-12-01,2021.916496,1.7871983866962924e-11,777.8881874403231,nan,nan
2022-01-01,2022.001369,1.792108901408322e-11,790.6821864799077,nan,nan
2022-02-01,2022.086242,2.0870725391613025e-11,822.6167197064035,nan,nan
2022-03-01,2022.162902,2.3394392760295762e-11,833.8680947372816,nan,nan
2022-04-01,2022.247775,3.0240657170479955e-11,909.8400665527706,nan,nan
2022-05-01,2022.329911,2.6676217422260434e-11,899.1371256000424,nan,nan
2022-06-01,2022.414784,1.999958467467036e-11,856.6573496698874,nan,nan
2022-07-01,2022.496920,1.83962048560828e-11,851.5682997158864,nan,nan
2022-08-01,2022.581793,1.9263499925632066e-11,860.3212344881382,nan,nan
2022-09-01,2022.666667,2.3522624913550352e-11,874.9580352322722,nan,nan
2022-10-01,2022.748802,2.8522403377682105e-11,888.656089827043,nan,nan
2022-11-01,2022.833676,2.8436935259815697e-11,877.5474180555016,nan,nan
2022-12-01,2022.915811,2.8865116358852635e-11,923.6219972144125,nan,nan
2023-01-01,2023.000684,3.180006036424321e-11,997.3777278710908,nan,nan
2023-02-01,2023.085558,3.571463858976539e-11,1005.1261445438977,nan,nan
2023-03-01,2023.162218,4.0165356833047413e-11,989.2026023546363,nan,nan
2023-04-01,2023.247091,3.6990374904746924e-11,959.1931620962092,nan,nan
2023-05-01,2023.329227,3.372154589270388e-11,982.1393922152198,nan,nan
2023-06-01,2023.414100,2.7055672113089892e-11,1003.085322062043,nan,nan
2023-07-01,2023.496235,2.6871943998277077e-11,1031.9793329957088,nan,nan
2023-08-01,2023.581109,2.7773878836334892e-11,990.6272917901207,nan,nan
2023-09-01,2023.665982,3.379801523301783e-11,974.2421854506428,nan,nan
2023-10-01,2023.748118,3.3279102423468864e-11,920.8715705993824,nan,nan
2023-11-01,2023.832991,4.1586659743172375e-11,993.2930477524252,nan,nan
2023-12-01,2023.915127,3.4765320147310327e-11,943.8947542024897,nan,nan
2024-01-01,2024.000000,3.4532319904471326e-11,960.1954724505155,nan,nan
2024-02-01,2024.084873,3.42902119368749e-11,952.7833745164124,nan,nan
2024-03-01,2024.164271,3.889748490062581e-11,983.9476258806213,nan,nan
2024-04-01,2024.249144,3.8186392504393804e-11,990.1777067074944,nan,nan
2024-05-01,2024.331280,3.7277141406296645e-11,1069.2549656655976,nan,nan
2024-06-01,2024.416153,2.8345500720014706e-11,1100.7714126942599,nan,nan
2024-07-01,2024.498289,1.7292114423926072e-11,1136.4147718913277,nan,nan
2024-08-01,2024.583162,2.2486637210410493e-11,1210.9751244914617,nan,nan
2024-09-01,2024.668036,3.391647845011908e-11,1178.41187704433,nan,nan
2024-10-01,2024.750171,5.326117397698963e-11,1163.8628048504413,nan,nan
2024-11-01,2024.835044,5.1040877311978943e-11,1105.378052408317,nan,nan
2024-12-01,2024.917180,4.5248693046096844e-11,1073.1841049275556,nan,nan
2025-01-01,2025.002053,4.0440360494353215e-11,1052.4000983886542,nan,nan
2025-02-01,2025.086927,4.34668675882822e-11,1054.090189536416,nan,nan
2025-03-01,2025.163587,4.4722289243866336e-11,1026.8823968411593,nan,nan
2025-04-01,2025.248460,4.1070991460499806e-11,985.868886462005,nan,nan
2025-05-01,2025.330595,3.253620336517926e-11,939.1954601841999,nan,nan
2025-06-01,2025.415469,2.8718742377263125e-11,939.5948473096478,nan,nan
2025-07-01,2025.497604,2.568413519211841e-11,938.6056323991247,nan,nan
2025-08-01,2025.582478,2.6268010839757366e-11,943.6919535398943,nan,nan
2025-09-01,2025.667351,3.2439683993799246e-11,968.0330024741706,nan,nan
2025-10-01,2025.749487,3.568220790468813e-11,947.7723173039968,nan,nan
2025-11-01,2025.834360,3.368665242081405e-11,924.3398007353177,nan,nan
2025-12-01,2025.916496,3.359227296593984e-11,954.6995303060263,nan,nan
2026-01-01,2026.001369,3.2346033668520386e-11,956.6844025643363,nan,nan
2026-02-01,2026.086242,3.106187516666227e-11,923.4262316667783,nan,nan
2026-03-01,2026.162902,2.942102480027295e-11,879.4104330363072,nan,nan
2026-04-01,2026.247775,2.898353906174041e-11,875.7050923101302,nan,nan
2026-05-01,2026.329911,2.7492180424379903e-11,892.2340774326468,nan,nan
2026-06-01,2026.414784,2.6522767188263212e-11,917.0753009065083,nan,nan
